,time,neighbor_95,neighbor_96,neighbor_46,neighbor_17,neighbor_5,neighbor_54,neighbor_31,neighbor_92,neighbor_11,neighbor_69,max_95,max_96,max_46,max_17,max_5,max_54,max_31,max_92,max_11,max_69,HI
0,1,0.7996135650896401,0.7624397223076306,0.7924287428078314,0.8051894571985567,0.8090390000550609,0.7769122917966391,0.8244218904741658,0.6955058010704666,0.8334112222730135,0.6964546927170414,1000.0,1000.0,1000.0,1000.0,1000.0,1000.0,1000.0,1000.0,1000.0,1000.0,0.7674890195733595
1,2,0.7993082809688083,0.7659472622471472,0.8053098024617185,0.7915530892688392,0.8159945670683502,0.7736747527634502,0.8194074678806136,0.7001945568110939,0.8273934855925458,0.7044286972531676,1000.0,1000.0,1000.0,1000.0,1000.0,1000.0,1000.0,1000.0,1000.0,1000.0,0.7759246574517511
2,3,0.8107462390669198,0.779186546030929,0.8100394414971921,0.7964557791552728,0.8023883445798068,0.7754339043259966,0.8234701594762914,0.6896142404425685,0.8143820169200499,0.7035658874418103,1000.0,1000.0,1000.0,1000.0,1000.0,1000.0,1000.0,1000.0,1000.0,1000.0,0.7554984932272181
3,4,0.7991745387699372,0.7720423511005846,0.7998331366733857,0.7957724571896299,0.8006862714123505,0.7894711083265974,0.8118081007682874,0.6911695626746841,0.825768871503346,0.7034633571184019,1000.0,1000.0,1000.0,1000.0,1000.0,1000.0,1000.0,1000.0,1000.0,1000.0,0.7412608084495522
4,5,0.784950959606501,0.7645604627602876,0.8104206478495151,0.807069452475298,0.8056200067464552,0.7861530070441516,0.788178131911617,0.7000494920958567,0.8322572329199798,0.7150891988837965,1000.0,1000.0,1000.0,1000.0,1000.0,1000.0,1000.0,1000.0,1000.0,1000.0,0.764114565708778
5,6,0.789625781956382,0.7658681735868871,0.8160598789709879,0.8112186461145084,0.8014272734206852,0.78219673749986,0.7938127473324469,0.7160322827074611,0.828049356120174,0.7042687938748851,1000.0,1000.0,1000.0,1000.0,1000.0,1000.0,1000.0,1000.0,1000.0,1000.0,0.8018679554471998
6,7,0.7958882927406423,0.7470200994044806,0.8051958395099066,0.8114536243818039,0.795638920971683,0.7925110789592319,0.8023142890840399,0.7235386969656131,0.8136987632997299,0.6864277734074075,1000.0,1000.0,1000.0,1000.0,1000.0,1000.0,1000.0,1000.0,1000.0,1000.0,0.8187831497766871
7,8,0.7783983626101373,0.7527969816258068,0.7909177791306814,0.8237496101206835,0.7980422020839717,0.7927735420709424,0.8067075187979148,0.730749044210939,0.8147229023488055,0.6680292774411407,1000.0,1000.0,1000.0,1000.0,1000.0,1000.0,1000.0,1000.0,1000.0,1000.0,0.8347194619417637
8,9,0.781018363124201,0.7535968260937529,0.8122741546138965,0.8162356880942377,0.8049867218089494,0.7860878926001156,0.815534230376203,0.7200578471529809,0.8036070232170669,0.6674782621278754,1000.0,1000.0,1000.0,1000.0,1000.0,1000.0,1000.0,1000.0,1000.0,1000.0,0.821542735642826
9,10,0.8032676666177009,0.7471206082180275,0.8009264474871405,0.8117684013935735,0.7939319054881274,0.7930732646271339,0.8286837160987194,0.7178702110533867,0.7989060010109672,0.6593858222898205,1000.0,1000.0,1000.0,1000.0,1000.0,1000.0,1000.0,1000.0,1000.0,1000.0,0.8153613562468864
10,11,0.8080096433349888,0.7532557656472487,0.7867703413217291,0.7876813354088255,0.7981636734757561,0.7963864059424739,0.8269484324559004,0.7082520087247104,0.7905486386731991,0.6696550765505791,1000.0,1000.0,1000.0,1000.0,1000.0,1000.0,1000.0,1000.0,1000.0,1000.0,0.7883803153047318
11,12,0.7870386236997837,0.7732835107134858,0.8000832512438837,0.8093257438524807,0.8174572018602649,0.8015930797458065,0.8296763436895904,0.7085976469533366,0.7911549918832012,0.6715331575087445,1000.0,1000.0,1000.0,1000.0,1000.0,1000.0,1000.0,1000.0,1000.0,1000.0,0.7679743919534859
12,13,0.801748314578365,0.7510660853143206,0.8082370416952409,0.7882913454985241,0.8236645020466081,0.8118906862112025,0.8283326289577031,0.7169894149792231,0.7797498465083263,0.6977624622801352,1000.0,1000.0,1000.0,1000.0,1000.0,1000.0,1000.0,1000.0,1000.0,1000.0,0.7676852337967827
13,14,0.820153896170255,0.7424527952483946,0.7891477949703595,0.7784332193833,0.8248197180536844,0.807589345511964,0.8367545188933224,0.7235127170022647,0.7770511069149317,0.6966641380146248,1000.0,1000.0,1000.0,1000.0,1000.0,1000.0,1000.0,1000.0,1000.0,1000.0,0.7762245627663639
14,15,0.8107150071966153,0.7469123391234476,0.7873875798986588,0.7768075262280549,0.8305453321663346,0.8129531312712951,0.8225410185637495,0.7397593865325766,0.7843958225036068,0.6953456074039739,1000.0,1000.0,1000.0,1000.0,1000.0,1000.0,1000.0,1000.0,1000.0,1000.0,0.7961802676737328
15,16,0.8033959019073897,0.725678807148747,0.8028092802357717,0.7958507708820395,0.8238990307705578,0.802535944554438,0.8120283819149913,0.7454401224059541,0.7872593281113164,0.6998332697710781,1000.0,1000.0,1000.0,1000.0,1000.0,1000.0,1000.0,1000.0,1000.0,1000.0,0.7969658136476596
16,17,0.8165628666174843,0.7192895826138355,0.7842911273286596,0.7810227112000591,0.8041812964771096,0.7873068883108562,0.7883892194502734,0.7354099497703286,0.8074329308132768,0.6991284386946766,1000.0,1000.0,1000.0,1000.0,1000.0,1000.0,1000.0,1000.0,1000.0,1000.0,0.8055412075172864
17,18,0.8299661466519062,0.7071614776631295,0.78516090207539,0.7840083395055867,0.7972853898837564,0.78363714190843,0.7836957603638173,0.7235500616145452,0.8166586320631826,0.68254397311812,1000.0,1000.0,1000.0,1000.0,1000.0,1000.0,1000.0,1000.0,1000.0,1000.0,0.8015700589959343
18,19,0.8088230886678074,0.716907851190857,0.8073228383848141,0.8072565410685334,0.792835723588815,0.7811365062925082,0.7692736897603972,0.716910368179419,0.7955218193396716,0.6879165532506801,1000.0,1000.0,1000.0,1000.0,1000.0,1000.0,1000.0,1000.0,1000.0,1000.0,0.7882421754238903
19,20,0.8016458040871075,0.7221641511889223,0.8026246160631283,0.8129521725418349,0.7842315266344506,0.7658531292379825,0.7926529801294011,0.7033711224395525,0.7808328500346261,0.6864395194084654,1000.0,1000.0,1000.0,1000.0,1000.0,1000.0,1000.0,1000.0,1000.0,1000.0,0.7832919731956969
20,21,0.8052803226040355,0.7237213831976949,0.8007478882787866,0.7976458647951615,0.789130480288797,0.7765387966312335,0.7885788796493243,0.6891826622572419,0.7774986733198596,0.679235236721337,1000.0,1000.0,1000.0,1000.0,1000.0,1000.0,1000.0,1000.0,1000.0,1000.0,0.7890935222484615
21,22,0.7862382572706237,0.7196387849707169,0.812921982303781,0.7958838479463719,0.8048888018231135,0.779323813571453,0.7953487585340282,0.7105590887816184,0.757496092124785,0.6761966065578255,1000.0,1000.0,1000.0,1000.0,1000.0,1000.0,1000.0,1000.0,1000.0,1000.0,0.7813850925151511
22,23,0.7812460492200285,0.7443543438958352,0.8110272508686786,0.7903922932476163,0.8092896725875776,0.7898638416954572,0.798477033503284,0.7119686637271443,0.7405795419730501,0.6838535958793281,1000.0,1000.0,1000.0,1000.0,1000.0,1000.0,1000.0,1000.0,1000.0,1000.0,0.776953674095582
23,24,0.7802051054641563,0.7452758733797482,0.8104137019268052,0.7665553057500386,0.797777086176451,0.799042356986334,0.7973193347639643,0.7133650162693225,0.769903606592911,0.693878183442657,1000.0,1000.0,1000.0,1000.0,1000.0,1000.0,1000.0,1000.0,1000.0,1000.0,0.7825070957551181
24,25,0.7699149422174985,0.7275775871124435,0.8155734717207739,0.7585386053302619,0.8236782414074204,0.7840313761050027,0.7822302764846089,0.7305591785913953,0.7818602856759632,0.7054303237905545,1000.0,1000.0,1000.0,1000.0,1000.0,1000.0,1000.0,1000.0,1000.0,1000.0,0.772765069999315
25,26,0.7559323924330072,0.747459410702967,0.8142701616460805,0.7661686338208493,0.8223393983463166,0.7703672177132586,0.7668578406726836,0.7385809836152345,0.7980213466878942,0.7063865494213606,1000.0,1000.0,1000.0,1000.0,1000.0,1000.0,1000.0,1000.0,1000.0,1000.0,0.7598488165335773
26,27,0.7626068801714965,0.7475130166206155,0.8172333849283964,0.7688032579650785,0.8150790921367561,0.7555942773232871,0.7763188631462798,0.7193577915553381,0.804236179436038,0.7149146900217096,1000.0,1000.0,1000.0,1000.0,1000.0,1000.0,1000.0,1000.0,1000.0,1000.0,0.7665636094901137
27,28,0.7489992218178159,0.7388455832789785,0.8177575636440588,0.771671105863996,0.8117363755965066,0.741432562901071,0.7680039001648516,0.7147955860537245,0.8041720810663436,0.703502939693107,1000.0,1000.0,1000.0,1000.0,1000.0,1000.0,1000.0,1000.0,1000.0,1000.0,0.7584332715210597
28,29,0.7476822430031074,0.7375176632703947,0.8073359721140274,0.769373657949744,0.8046566192895537,0.7447509847648991,0.7661184438390106,0.7203885211000862,0.8026458977022461,0.6978250578310191,1000.0,1000.0,1000.0,1000.0,1000.0,1000.0,1000.0,1000.0,1000.0,1000.0,0.7492464069399326
29,30,0.7439547061331331,0.7375477858479951,0.8140043329145967,0.7700565815182518,0.7816837729788259,0.7736077661226616,0.7760376483325278,0.6968081806861777,0.7987875989443711,0.673119835343442,1000.0,1000.0,1000.0,1000.0,1000.0,1000.0,1000.0,1000.0,1000.0,1000.0,0.7515943288956034
30,31,0.7482961092382505,0.7413089380165743,0.8143373971848928,0.7557326838603841,0.7773437035299879,0.7979971291934655,0.7930142919287848,0.695066095948191,0.7935429425188613,0.6788404736459104,1000.0,1000.0,1000.0,1000.0,1000.0,1000.0,1000.0,1000.0,1000.0,1000.0,0.7554042352557658
31,32,0.7488799236941478,0.7440370793094548,0.8040038418436632,0.7442277627599015,0.7708120262397029,0.8080969187558107,0.7975599588215743,0.6994426436653812,0.7828267025987243,0.6872213354399982,1000.0,1000.0,1000.0,1000.0,1000.0,1000.0,1000.0,1000.0,1000.0,1000.0,0.7484861830899446
32,33,0.7402785117240608,0.7337129840866442,0.803638804805221,0.7371094241744292,0.7768888098718079,0.8206033115241265,0.8085682670278793,0.7012553870471819,0.8045609776633157,0.6928896551747217,1000.0,1000.0,1000.0,1000.0,1000.0,1000.0,1000.0,1000.0,1000.0,1000.0,0.7550160595017892
33,34,0.7535016357109086,0.7236664988495758,0.7965488106154233,0.7317050832560378,0.7865357744496694,0.807821163114878,0.8223618780445069,0.6954120153861933,0.8003127133540529,0.6892885284086485,1000.0,1000.0,1000.0,1000.0,1000.0,1000.0,1000.0,1000.0,1000.0,1000.0,0.7791089445504625
34,35,0.7799058456046065,0.7359514352418519,0.7849113534101674,0.7191850079714446,0.7995785060746512,0.8070545688449231,0.8179690459143061,0.6893654707998678,0.807219336354622,0.6970341440516519,1000.0,1000.0,1000.0,1000.0,1000.0,1000.0,1000.0,1000.0,1000.0,1000.0,0.7681990883627251
35,36,0.7823744398867238,0.7165271821663424,0.7869896082019001,0.7333984459639519,0.7837646837863681,0.7905184413703366,0.8179507871051157,0.6850445667115074,0.8004958737592347,0.7090257067359527,1000.0,1000.0,1000.0,1000.0,1000.0,1000.0,1000.0,1000.0,1000.0,1000.0,0.7684904036324159
36,37,0.778098947986706,0.7261592267231862,0.7843914453497216,0.741443469674083,0.7689345952430366,0.7916261818221365,0.8115402062956429,0.692764673161012,0.8138780849880446,0.7118680082253686,1000.0,1000.0,1000.0,1000.0,1000.0,1000.0,1000.0,1000.0,1000.0,1000.0,0.7611894495518203
37,38,0.7875517139838284,0.7332043053985904,0.7873198659925056,0.7419230011919533,0.7551969123250043,0.7942379570811398,0.8070437366758034,0.6947450544879773,0.7926381688875703,0.707745600426325,1000.0,1000.0,1000.0,1000.0,1000.0,1000.0,1000.0,1000.0,1000.0,1000.0,0.7643207033500466
38,39,0.7863175895249304,0.7323965925394772,0.8038425270084956,0.7678329875835365,0.7632031344638348,0.7975388898639161,0.8059962163639233,0.6902792255216169,0.7936830674043155,0.6879163570427691,1000.0,1000.0,1000.0,1000.0,1000.0,1000.0,1000.0,1000.0,1000.0,1000.0,0.7526067072528061
39,40,0.7739445392294981,0.7239735565192728,0.798751867368547,0.7790734502424417,0.7580694312744849,0.7927917704809325,0.8077967449897507,0.7029878727700878,0.7844077005993111,0.6928280117293795,1000.0,1000.0,1000.0,1000.0,1000.0,1000.0,1000.0,1000.0,1000.0,1000.0,0.7508338483220063
40,41,0.7752511972265881,0.713576732979176,0.8018563755802077,0.7688629969991687,0.780343603195682,0.8036903272775678,0.8134830989110918,0.7098722307923009,0.8073533545046759,0.6598373100166124,1000.0,1000.0,1000.0,1000.0,1000.0,1000.0,1000.0,1000.0,1000.0,1000.0,0.7703888070653246
41,42,0.7898970412993315,0.6943285443396336,0.8049093027539179,0.7801406703663006,0.7732643682113514,0.7935103840731731,0.8203575322976769,0.7025853450546673,0.8068428699375249,0.6587215580873726,1000.0,1000.0,1000.0,1000.0,1000.0,1000.0,1000.0,1000.0,1000.0,1000.0,0.7759579673008964
42,43,0.7920035189678855,0.7037115877636022,0.799478562447825,0.7836929951342765,0.7895249003448156,0.7953528680218171,0.821309607765698,0.701406403580677,0.8121987526693781,0.6761706289875199,1000.0,1000.0,1000.0,1000.0,1000.0,1000.0,1000.0,1000.0,1000.0,1000.0,0.7629496015729337
43,44,0.7715385121198124,0.7014537561829248,0.7960161065705665,0.7761925180838742,0.7904380489048963,0.7885377944309993,0.8199669437655726,0.7059393510044123,0.7964826468989014,0.7011297385533027,1000.0,1000.0,1000.0,1000.0,1000.0,1000.0,1000.0,1000.0,1000.0,1000.0,0.751750359132752
44,45,0.7471961042662859,0.7157816083891945,0.7971653691623719,0.7720719881556916,0.7877571580257087,0.7807990394508091,0.8210554644896559,0.6923400286984757,0.8014983172479158,0.7191477276945266,1000.0,1000.0,1000.0,1000.0,1000.0,1000.0,1000.0,1000.0,1000.0,1000.0,0.773248255950867
45,46,0.7443318639389184,0.7190781725976525,0.7700879039890512,0.7775103572711334,0.7743400845048501,0.7836945987783593,0.8207625053630492,0.6972429936321543,0.7739079297134427,0.7337092747569753,1000.0,1000.0,1000.0,1000.0,1000.0,1000.0,1000.0,1000.0,1000.0,1000.0,0.753597195119726
46,47,0.7493693077580886,0.7312631822545923,0.7722925127255885,0.7804873833017946,0.794450048262153,0.8061239563182412,0.8037957302140853,0.6847491883132926,0.7707306228529424,0.7078023197564874,1000.0,1000.0,1000.0,1000.0,1000.0,1000.0,1000.0,1000.0,1000.0,1000.0,0.7521893667847742
47,48,0.7415209639519281,0.7354225411611827,0.7724623604941272,0.783437689195331,0.7753600815709351,0.798045949846338,0.8108777195077893,0.683928482756665,0.7920152358212605,0.6879570434202673,1000.0,1000.0,1000.0,1000.0,1000.0,1000.0,1000.0,1000.0,1000.0,1000.0,0.759200861661419
48,49,0.7505056127912305,0.732405029185254,0.7651093414482097,0.7791726244541402,0.7678954293945297,0.802863094868725,0.7910208981559496,0.6681523904118679,0.8132971139924976,0.6704612375305758,1000.0,1000.0,1000.0,1000.0,1000.0,1000.0,1000.0,1000.0,1000.0,1000.0,0.7633819359213473
49,50,0.7718401618636542,0.7203117799989001,0.7513108892010205,0.7802727573469175,0.7657070155888609,0.8035897299835758,0.7809626829667342,0.6793352707921624,0.8076886941470471,0.6571127300253308,1000.0,1000.0,1000.0,1000.0,1000.0,1000.0,1000.0,1000.0,1000.0,1000.0,0.7653596164007523
50,51,0.7741848040909942,0.7263464877808905,0.7664906820858894,0.7663521353015218,0.78452697398745,0.7782215665578799,0.7795233618249758,0.6701865078879152,0.8111940592776025,0.657485539871153,1000.0,1000.0,1000.0,1000.0,1000.0,1000.0,1000.0,1000.0,1000.0,1000.0,0.769329805308311
51,52,0.7702265376287638,0.7135208417536889,0.7617029420332985,0.754205518313203,0.7928180067072772,0.7761604501754868,0.7935631234317037,0.6880652889058119,0.8075731543051322,0.6844521582325457,1000.0,1000.0,1000.0,1000.0,1000.0,1000.0,1000.0,1000.0,1000.0,1000.0,0.7888351866694612
52,53,0.7843273094389993,0.6960071392613324,0.7651752431367724,0.7552424027396232,0.8081057142810961,0.777644017346711,0.8033862567698467,0.6901538768847273,0.8000631901178836,0.6602271031457893,1000.0,1000.0,1000.0,1000.0,1000.0,1000.0,1000.0,1000.0,1000.0,1000.0,0.7699147194142177
53,54,0.8009693988369619,0.6925207464109768,0.77331093220262,0.7463282606535702,0.8028589952963898,0.7739833550203766,0.8168501558120431,0.7163920968399626,0.7850248890747025,0.668128512591771,1000.0,1000.0,1000.0,1000.0,1000.0,1000.0,1000.0,1000.0,1000.0,1000.0,0.7619162248068424
54,55,0.8034859750321717,0.6928240532484293,0.7968073395341447,0.7328198607259666,0.7996720551640232,0.7675328319883897,0.8081785946794973,0.6915925441559694,0.777428498651118,0.6680285807803046,1000.0,1000.0,1000.0,1000.0,1000.0,1000.0,1000.0,1000.0,1000.0,1000.0,0.7461796366370279
55,56,0.8037893823971143,0.6984698557401435,0.8000806778180991,0.7241588833031493,0.7969100012764685,0.7851520458518991,0.8154139407130016,0.6831633034906123,0.7637085749855995,0.658610259593356,1000.0,1000.0,1000.0,1000.0,1000.0,1000.0,1000.0,1000.0,1000.0,1000.0,0.7435193227759855
56,57,0.7782415558870877,0.6922038278340906,0.8005833112832447,0.722478112100471,0.7898613636251991,0.7689715479008588,0.810156268646212,0.6729941960781003,0.7671328981423438,0.6367842242637373,1000.0,1000.0,1000.0,1000.0,1000.0,1000.0,1000.0,1000.0,1000.0,1000.0,0.7417692759300811
57,58,0.7662808677063319,0.7102053167439479,0.8022424490144298,0.7252056194930938,0.7779025084122688,0.7589996007767225,0.7845142314765646,0.6762988670014519,0.7633001441426666,0.6627104674664702,1000.0,1000.0,1000.0,1000.0,1000.0,1000.0,1000.0,1000.0,1000.0,1000.0,0.7497941629810485
58,59,0.7531439465666193,0.7176413256216438,0.8030675699883144,0.740392404089496,0.7775215360704095,0.7626328969208072,0.7796129075657146,0.6722481166329497,0.7673626740968869,0.663292981442816,1000.0,1000.0,1000.0,1000.0,1000.0,1000.0,1000.0,1000.0,1000.0,1000.0,0.7649615306842527
59,60,0.7567590309572855,0.7259018813525514,0.8122083232194954,0.7506733132257735,0.7795300227966337,0.7897605121368467,0.7827273098513279,0.682595636243166,0.772946195966262,0.6703240903460053,1000.0,1000.0,1000.0,1000.0,1000.0,1000.0,1000.0,1000.0,1000.0,1000.0,0.7726068890045916
60,61,0.7494360706691199,0.741177785493975,0.8068449282996377,0.7523018044983287,0.7781206670474343,0.7869757413440401,0.772029765745561,0.686792324752454,0.7784694706994011,0.6824299353416385,1000.0,1000.0,1000.0,1000.0,1000.0,1000.0,1000.0,1000.0,1000.0,1000.0,0.7806031098451605
61,62,0.7668118026365484,0.7532982518279316,0.8039699664910925,0.747487940471454,0.7740194136773562,0.7884284252173768,0.7587362618401541,0.6890698491251792,0.7778867905839462,0.690440306732514,1000.0,1000.0,1000.0,1000.0,1000.0,1000.0,1000.0,1000.0,1000.0,1000.0,0.7652073713779178
62,63,0.7612898398385088,0.7365866785724563,0.7889744811241178,0.7402017105381707,0.7826962416837815,0.7739671550598384,0.7646712316057683,0.6936704308568584,0.775472557355838,0.690695213208695,1000.0,1000.0,1000.0,1000.0,1000.0,1000.0,1000.0,1000.0,1000.0,1000.0,0.7818466737551173
63,64,0.7608492664982477,0.7544344370768854,0.7910618636599446,0.7343041041819508,0.7854174351958743,0.7618200238919073,0.760461806818238,0.699341782698896,0.7668360224374349,0.6939101561402821,1000.0,1000.0,1000.0,1000.0,1000.0,1000.0,1000.0,1000.0,1000.0,1000.0,0.7569857831136563
64,65,0.7419032162602373,0.7350527410174943,0.7741817806406174,0.721093186629312,0.7958572131720049,0.7484797075922778,0.7743188049457393,0.7113866677187282,0.7636358702338286,0.6949809961033001,1000.0,1000.0,1000.0,1000.0,1000.0,1000.0,1000.0,1000.0,1000.0,1000.0,0.7572041299339597
65,66,0.7398188976705444,0.7137461627776195,0.7853541799545439,0.7291027969776462,0.7981611318052506,0.7290178682783954,0.7856748150052797,0.7172209341028852,0.7654428326435638,0.6811854299254427,1000.0,1000.0,1000.0,1000.0,1000.0,1000.0,1000.0,1000.0,1000.0,1000.0,0.7492654060777083
66,67,0.7469515066098026,0.7208094959696822,0.7864003651390574,0.7322156571844123,0.7870720538239334,0.7290516156250911,0.8070682708535678,0.7173434502851151,0.7634067262586288,0.6850395715986534,1000.0,1000.0,1000.0,1000.0,1000.0,1000.0,1000.0,1000.0,1000.0,1000.0,0.7546843372444596
67,68,0.7505194900464268,0.7229242079876846,0.7835779203461113,0.7239626177284254,0.7887541817730581,0.7372298028159708,0.8092014247974303,0.7156496705634787,0.7457353359188506,0.6921104934686604,1000.0,1000.0,1000.0,1000.0,1000.0,1000.0,1000.0,1000.0,1000.0,1000.0,0.7546768825029491
68,69,0.7464036780205927,0.7145480704617487,0.7620318130924045,0.7258628466081644,0.7834363205013866,0.7375032304658851,0.8107624478283098,0.6980642354395075,0.7567949462217752,0.6873499573546187,1000.0,1000.0,1000.0,1000.0,1000.0,1000.0,1000.0,1000.0,1000.0,1000.0,0.7787693960623623
69,70,0.7572974583959338,0.72815991091092,0.7525728833950447,0.737753025364148,0.7685299600979839,0.7227530707675384,0.7904791503984042,0.6973024361460983,0.7470972491990729,0.6769039046321172,1000.0,1000.0,1000.0,1000.0,1000.0,1000.0,1000.0,1000.0,1000.0,1000.0,0.7681003089144106
70,71,0.7560693859644939,0.7336274312671904,0.7439158467129804,0.7482483147722959,0.7460745527274326,0.7334798727559495,0.7680296013429908,0.7062074091940751,0.7553164614723015,0.700231528665836,1000.0,1000.0,1000.0,1000.0,1000.0,1000.0,1000.0,1000.0,1000.0,1000.0,0.7646241677491119
71,72,0.7496388083201447,0.7380349723959425,0.759476394684563,0.7416967106183228,0.750242691727401,0.7349996623678445,0.7547723036946697,0.7048887459889023,0.7364489718744875,0.7011626647045535,1000.0,1000.0,1000.0,1000.0,1000.0,1000.0,1000.0,1000.0,1000.0,1000.0,0.7708982854782921
72,73,0.7522784684130805,0.7323213836681688,0.7714056744543324,0.7535503393682259,0.7324293861351151,0.7475704185190845,0.7432728563768753,0.6936283535385587,0.751972981425024,0.7010329943700817,1000.0,1000.0,1000.0,1000.0,1000.0,1000.0,1000.0,1000.0,1000.0,1000.0,0.7712364686143062
73,74,0.768698503620171,0.7284962663972286,0.7912278572428078,0.7482978391000559,0.728326861964365,0.7474776694938413,0.7392456877725855,0.7131857572476621,0.7427748289268348,0.7013822078627081,1000.0,1000.0,1000.0,1000.0,1000.0,1000.0,1000.0,1000.0,1000.0,1000.0,0.7705160700408641
74,75,0.7628650669956281,0.7248552548245141,0.8008113866019626,0.7457031254705627,0.7342664457936998,0.7483242024555468,0.7521938809526951,0.6996521604160613,0.7481465774608967,0.7137624171656354,1000.0,1000.0,1000.0,1000.0,1000.0,1000.0,1000.0,1000.0,1000.0,1000.0,0.7686632689266543
75,76,0.7747689793773608,0.7210740863325111,0.7984987935406271,0.7334250652411989,0.7426797615521944,0.7395008076887961,0.7544871401901174,0.6798488320250147,0.7447013755044074,0.7075047847916867,1000.0,1000.0,1000.0,1000.0,1000.0,1000.0,1000.0,1000.0,1000.0,1000.0,0.7581917534284938
76,77,0.7632189411225381,0.6996943530179355,0.7857311912130001,0.7299673142900474,0.7405472731948555,0.7568694789824552,0.751408283201327,0.6910222333757939,0.7674028243866583,0.700905723904405,1000.0,1000.0,1000.0,1000.0,1000.0,1000.0,1000.0,1000.0,1000.0,1000.0,0.7603185712230102
77,78,0.7690557632353185,0.7038370496761257,0.7843841047288772,0.73019601456501,0.751052304166169,0.7450645372170079,0.7426202967166363,0.7056529012246621,0.7690410534932212,0.6941919101006175,1000.0,1000.0,1000.0,1000.0,1000.0,1000.0,1000.0,1000.0,1000.0,1000.0,0.7576112850850152
78,79,0.7496159490046663,0.7072744389587955,0.7606590875759334,0.7273460416731984,0.7623154908889325,0.7570852958565792,0.7357459016722206,0.6865402997977162,0.7576722311456947,0.6938685420728329,1000.0,1000.0,1000.0,1000.0,1000.0,1000.0,1000.0,1000.0,1000.0,1000.0,0.7466603978611916
79,80,0.7563616230178271,0.7160184035058698,0.7510614244155893,0.7284240475696232,0.755339412933797,0.761004177960927,0.7268502608540888,0.6956592211204772,0.7437911881561028,0.679620208782578,1000.0,1000.0,1000.0,1000.0,1000.0,1000.0,1000.0,1000.0,1000.0,1000.0,0.7528403171881759
80,81,0.7589113332432775,0.7126633160642826,0.7570456354627291,0.7382018611934101,0.7332542876297693,0.7649110155181849,0.7455726425747324,0.6966574486057334,0.7386268176060659,0.6666875171494215,1000.0,1000.0,1000.0,1000.0,1000.0,1000.0,1000.0,1000.0,1000.0,1000.0,0.7674509089134307
81,82,0.754830978664667,0.7209776462942947,0.750897781349242,0.7414862600520632,0.7274999837767283,0.7602053216840685,0.744421478911307,0.6876507080860254,0.721717639489139,0.6636257851062088,1000.0,1000.0,1000.0,1000.0,1000.0,1000.0,1000.0,1000.0,1000.0,1000.0,0.7596164562280652
82,83,0.7582814711231018,0.709824674024987,0.7463896718835188,0.7462504544468322,0.7294647557662997,0.7843126149890696,0.7505947936053716,0.6800754788240536,0.7206108151368248,0.65527197285679,1000.0,1000.0,1000.0,1000.0,1000.0,1000.0,1000.0,1000.0,1000.0,1000.0,0.7435271599172915
83,84,0.7559608485920425,0.7091456545764092,0.7570291254327877,0.7534841469557063,0.7258442350712162,0.7584286276216631,0.7609980017595666,0.6758747814463362,0.720942383274406,0.6643205174517167,1000.0,1000.0,1000.0,1000.0,1000.0,1000.0,1000.0,1000.0,1000.0,1000.0,0.7509750387633065
84,85,0.7366914917518086,0.6983348575433246,0.768933985478806,0.7350516187044551,0.7249062807211181,0.7545842556153006,0.7636282532019842,0.6756540396966656,0.7334015988156429,0.6553828961305326,1000.0,1000.0,1000.0,1000.0,1000.0,1000.0,1000.0,1000.0,1000.0,1000.0,0.737286951515286
85,86,0.727327475324753,0.7017940468382518,0.7614094677134028,0.7282284265983117,0.7456661478329025,0.763089847176505,0.7512775551397326,0.6722015300381896,0.734049765007223,0.6746978897217378,1000.0,1000.0,1000.0,1000.0,1000.0,1000.0,1000.0,1000.0,1000.0,1000.0,0.7388817436215345
86,87,0.744038854800099,0.7004008989389667,0.7558886931505764,0.7261403776016447,0.7599311143551246,0.7439547222126534,0.7463394273209455,0.6645933472994308,0.7396585329640655,0.6732217002309007,1000.0,1000.0,1000.0,1000.0,1000.0,1000.0,1000.0,1000.0,1000.0,1000.0,0.7398833411084494
87,88,0.7221068560614675,0.7144246267314545,0.7502570721274356,0.7114765644117973,0.7655868230775122,0.7274707491392902,0.753782520938761,0.6524453691560661,0.7406610477861995,0.6760342973864671,1000.0,1000.0,1000.0,1000.0,1000.0,1000.0,1000.0,1000.0,1000.0,1000.0,0.7542217706140504
88,89,0.7316485175781785,0.7226229498787287,0.7477089598016837,0.7056462959530029,0.76178539395269,0.7431286456964399,0.7639782586769208,0.6587908289353019,0.7378990467793443,0.6553481919036914,1000.0,1000.0,1000.0,1000.0,1000.0,1000.0,1000.0,1000.0,1000.0,1000.0,0.744932907939687
89,90,0.7510601509036462,0.7237739883234853,0.7359424207291886,0.7065806250243778,0.7551430966804583,0.7495324911267846,0.7429421848767082,0.6578985532272188,0.7401968625485692,0.6731912868072307,1000.0,1000.0,1000.0,1000.0,1000.0,1000.0,1000.0,1000.0,1000.0,1000.0,0.7604888929785615
90,91,0.7450184030648894,0.7327365827486744,0.7497312074923955,0.7204854994121707,0.7494118325317749,0.759053410289359,0.7414667955233603,0.670634527924499,0.7484309362421496,0.6390629094665053,1000.0,1000.0,1000.0,1000.0,1000.0,1000.0,1000.0,1000.0,1000.0,1000.0,0.7651127693916001
91,92,0.7338467542997598,0.7341856690929395,0.7579157800170802,0.7102837206353131,0.7393860799189689,0.7521850572356323,0.7433176575845793,0.6628440636005415,0.7452255673189647,0.6412499614133853,1000.0,1000.0,1000.0,1000.0,1000.0,1000.0,1000.0,1000.0,1000.0,1000.0,0.7554694438379655
92,93,0.7461659806225981,0.7328209577711535,0.7676467267143472,0.7246496012088108,0.7290268768895282,0.7386436408146787,0.7357008977984597,0.6724738207206518,0.7376318328800272,0.6496429073773089,1000.0,1000.0,1000.0,1000.0,1000.0,1000.0,1000.0,1000.0,1000.0,1000.0,0.7505937827495023
93,94,0.7393232178877311,0.7337075177998604,0.76447521590317,0.7158270628958293,0.7418341642634358,0.7343111905682707,0.7350352300328609,0.6714900360444973,0.7460231947640947,0.6454706323535798,1000.0,1000.0,1000.0,1000.0,1000.0,1000.0,1000.0,1000.0,1000.0,1000.0,0.7405753967115393
94,95,0.7309778846265675,0.7300556857640699,0.7734480871386908,0.7398973112594767,0.7493951686287333,0.7176174754700321,0.7502659826545536,0.6767785013165531,0.7492662270639051,0.6496995713600126,1000.0,1000.0,1000.0,1000.0,1000.0,1000.0,1000.0,1000.0,1000.0,1000.0,0.7316702967732237
95,96,0.7280263402446996,0.7101874815206469,0.7617040450047974,0.7296257312407313,0.7466627195614477,0.7027769325459866,0.7494625377567937,0.6680554701444388,0.7406099467259508,0.6659671045622707,1000.0,1000.0,1000.0,1000.0,1000.0,1000.0,1000.0,1000.0,1000.0,1000.0,0.724494604481958
96,97,0.7260325350344695,0.7137648213362769,0.7539881469862522,0.735358399239291,0.7344198857019866,0.7142060293223492,0.7493785227795029,0.6750143352014628,0.7510907203023186,0.6694398630190473,1000.0,1000.0,1000.0,1000.0,1000.0,1000.0,1000.0,1000.0,1000.0,1000.0,0.7358868971939484
97,98,0.7255853624588321,0.706285712088532,0.7613915186637782,0.7351470861559944,0.7323806777272632,0.7112581917951838,0.7413792580895432,0.6702395655313891,0.7470500665034894,0.6549187228293188,1000.0,1000.0,1000.0,1000.0,1000.0,1000.0,1000.0,1000.0,1000.0,1000.0,0.7314415486652316
98,99,0.7260525842176504,0.6913983869768578,0.7594196070846317,0.745803099130521,0.7163012590436164,0.714565891811688,0.7231501615054925,0.6587814191634033,0.7379734623222781,0.6531355112616916,1000.0,1000.0,1000.0,1000.0,1000.0,1000.0,1000.0,1000.0,1000.0,1000.0,0.7514481987280446
99,100,0.7166094869447341,0.6854414328718226,0.762916109374253,0.7364572296368084,0.7060369740127421,0.7229346395028186,0.7305610632476169,0.653436707130424,0.7339243490048073,0.6337674624712006,1000.0,1000.0,1000.0,1000.0,1000.0,1000.0,1000.0,1000.0,1000.0,1000.0,0.7439250970426986
100,101,0.7186929271764881,0.7009517857213686,0.7513890383768004,0.7351906597079648,0.703867373584119,0.7236692306107023,0.7280776295553466,0.6363045907587542,0.72766954464844,0.6361026701398985,1000.0,1000.0,1000.0,1000.0,1000.0,1000.0,1000.0,1000.0,1000.0,1000.0,0.7322323961635265
101,102,0.7356902101149186,0.686758541159117,0.7452597501965,0.7304101546320283,0.7161162251000468,0.7254716156058747,0.7373017900720924,0.6445194198004573,0.7309168833990181,0.628267792505317,1000.0,1000.0,1000.0,1000.0,1000.0,1000.0,1000.0,1000.0,1000.0,1000.0,0.7067460173581965
102,103,0.7202148829808597,0.689795625894855,0.7240934939719226,0.7019007524313194,0.7073526742919183,0.7235992217586554,0.7485760182728203,0.6396553299270329,0.7484675586388884,0.6408496022910102,1000.0,1000.0,1000.0,1000.0,1000.0,1000.0,1000.0,1000.0,1000.0,1000.0,0.7060772252178967
103,104,0.7237668769646731,0.6887234917796405,0.7282178612325122,0.7014346524435396,0.699795332106327,0.7090041469786582,0.7621576612133145,0.6497718705346325,0.7533278595008497,0.6484696950374784,1000.0,1000.0,1000.0,1000.0,1000.0,1000.0,1000.0,1000.0,1000.0,1000.0,0.6955932444188655
104,105,0.7358121788016436,0.6996366956161252,0.7119324004604046,0.699355819668001,0.7030037808191925,0.7095425023583252,0.7616260675769355,0.6453496034802333,0.7621893531950943,0.6578184841991102,1000.0,1000.0,1000.0,1000.0,1000.0,1000.0,1000.0,1000.0,1000.0,1000.0,0.7053937661071659
105,106,0.7237236592228352,0.6834056555084788,0.7062801266501917,0.6936162045916394,0.7146301067509788,0.7093817369761805,0.7614695298595956,0.674236983273335,0.768031858343638,0.6586837843228914,1000.0,1000.0,1000.0,1000.0,1000.0,1000.0,1000.0,1000.0,1000.0,1000.0,0.7249744241671173
106,107,0.7087753104074943,0.6859808837899822,0.7305629288309026,0.708623317373665,0.7096433086451295,0.6901398203449138,0.7348511516134739,0.6610325136142959,0.7597838209302981,0.6688585541122982,1000.0,1000.0,1000.0,1000.0,1000.0,1000.0,1000.0,1000.0,1000.0,1000.0,0.7311415138986475
107,108,0.7081019383882629,0.6927867735106306,0.72497301203613,0.7132412329869332,0.7126879625461133,0.6773319614165394,0.7381389566268487,0.662122619804616,0.7538276549079067,0.6515273097768816,1000.0,1000.0,1000.0,1000.0,1000.0,1000.0,1000.0,1000.0,1000.0,1000.0,0.7290885234606023
108,109,0.7008735766224955,0.6919049696511961,0.7196689472125091,0.7028748498053821,0.7183445524420471,0.6978741401735775,0.7342732285061376,0.6634810219573823,0.7584220568602851,0.6468005607010283,1000.0,1000.0,1000.0,1000.0,1000.0,1000.0,1000.0,1000.0,1000.0,1000.0,0.7451466465104666
109,110,0.6947060951784666,0.6927038984578359,0.7295942728636721,0.7038399169652472,0.7176039762923058,0.7052902082881103,0.7411160239782635,0.6661879448683496,0.7347145922483828,0.6364756790693055,1000.0,1000.0,1000.0,1000.0,1000.0,1000.0,1000.0,1000.0,1000.0,1000.0,0.741632892331847
110,111,0.7034187798228209,0.6939805656948164,0.7331159974314541,0.7083773221026707,0.7213811847715351,0.7127768727945955,0.731554102197906,0.653960306424372,0.7338789300307065,0.627616629463786,1000.0,1000.0,1000.0,1000.0,1000.0,1000.0,1000.0,1000.0,1000.0,1000.0,0.7279239586752195
111,112,0.712380830439699,0.6971947417147305,0.7204523993180254,0.7016194028135108,0.7441662724572491,0.7281489744665652,0.7420718520315536,0.657053096276839,0.7311059888007032,0.6255467637740352,1000.0,1000.0,1000.0,1000.0,1000.0,1000.0,1000.0,1000.0,1000.0,1000.0,0.721089044202152
112,113,0.7331406537904869,0.6863625754113063,0.7228810916092254,0.7231126937765404,0.7351880529366509,0.7549712041259365,0.7322789432048273,0.6599013127047602,0.7084894478715243,0.642009121430498,1000.0,1000.0,1000.0,1000.0,1000.0,1000.0,1000.0,1000.0,1000.0,1000.0,0.7384650183212532
113,114,0.748367930715984,0.6842516698350307,0.7067990280936857,0.7161034989000636,0.7347458515256813,0.7409848643255523,0.7194204499652948,0.6425127220647276,0.687345521632203,0.6479241498907997,1000.0,1000.0,1000.0,1000.0,1000.0,1000.0,1000.0,1000.0,1000.0,1000.0,0.7102367238100296
114,115,0.7396299530288406,0.6694396848217358,0.6888357467988018,0.7089329063809559,0.7365514906532973,0.7364549344333187,0.7007357834195231,0.6477431623073906,0.690384440893511,0.643957888703885,1000.0,1000.0,1000.0,1000.0,1000.0,1000.0,1000.0,1000.0,1000.0,1000.0,0.7004435239935781
115,116,0.7581967303446083,0.683528766761142,0.6849154527326572,0.7069775695335998,0.7025989696265471,0.7359938184228743,0.7073979300491046,0.6540883315590493,0.6859212756835654,0.6481785572659303,1000.0,1000.0,1000.0,1000.0,1000.0,1000.0,1000.0,1000.0,1000.0,1000.0,0.6869912378249963
116,117,0.728954605445712,0.680596270214437,0.6708717811173343,0.683297379848497,0.6838903157305712,0.7244496415324753,0.7161416954894347,0.6411088301468872,0.6726637363636511,0.6362361684404909,1000.0,1000.0,1000.0,1000.0,1000.0,1000.0,1000.0,1000.0,1000.0,1000.0,0.7075583948272263
117,118,0.720973945553846,0.6618813356852702,0.6658700961271595,0.6602288026839236,0.7042109975449168,0.7194720024179702,0.7240130740551416,0.6537403442203763,0.6744992767063057,0.6480042259365764,1000.0,1000.0,1000.0,1000.0,1000.0,1000.0,1000.0,1000.0,1000.0,1000.0,0.7110398593913394
118,119,0.7109292345272522,0.6702976229969172,0.6673965382344391,0.6528693095476454,0.7077427053119028,0.7295478482372058,0.7291723967418353,0.6587820025580725,0.687856354830776,0.6549721419997424,1000.0,1000.0,1000.0,1000.0,1000.0,1000.0,1000.0,1000.0,1000.0,1000.0,0.7250956939194435
119,120,0.7260761029885056,0.6958591294438068,0.6803741793297273,0.6506101759206439,0.6875786978089973,0.7210486613606262,0.7291318790354918,0.6524317269199773,0.6894924202285411,0.6604360096109458,1000.0,1000.0,1000.0,1000.0,1000.0,1000.0,1000.0,1000.0,1000.0,1000.0,0.7339871382728633
120,121,0.709040220330012,0.6925682270316245,0.6834988988175429,0.6586366449704422,0.7052527154853878,0.7031009428617563,0.718594305966497,0.6311406619057685,0.6742206864111866,0.6586431485975094,1000.0,1000.0,1000.0,1000.0,1000.0,1000.0,1000.0,1000.0,1000.0,1000.0,0.7366328632258605
121,122,0.733995443745679,0.6960432556281615,0.6884213523917839,0.671008425931422,0.7005882657234503,0.7099121375331997,0.7173295889471636,0.6523446041692107,0.689613409112755,0.6578731043635301,1000.0,1000.0,1000.0,1000.0,1000.0,1000.0,1000.0,1000.0,1000.0,1000.0,0.720967054123226
122,123,0.731309109538532,0.7333263651738116,0.706256089656312,0.6672580190243602,0.6852211592859151,0.6850156199845774,0.6911515647528069,0.6375623946399408,0.6912339275331146,0.6384526855394401,1000.0,1000.0,1000.0,1000.0,1000.0,1000.0,1000.0,1000.0,1000.0,1000.0,0.6963222266464419
123,124,0.7257812048102978,0.7267670636178518,0.717434808957006,0.6751588755731021,0.6549091369266445,0.6861682174359076,0.6910498567567492,0.6443793197541432,0.6744185989152423,0.6378118721852424,1000.0,1000.0,1000.0,1000.0,1000.0,1000.0,1000.0,1000.0,1000.0,1000.0,0.6994207088163888
124,125,0.6946478295261033,0.7150497690996401,0.7082492921822008,0.6739270522912234,0.6822685284289753,0.6788068756497584,0.6839673399918024,0.6382301599749444,0.6632112195493217,0.6309091472164395,1000.0,1000.0,1000.0,1000.0,1000.0,1000.0,1000.0,1000.0,1000.0,1000.0,0.6830593734619217
125,126,0.6973991546375667,0.713568229844552,0.7027641837047206,0.6524644292512675,0.6655835958004886,0.6839039670895237,0.6916982118049199,0.649380039161845,0.6762674319113865,0.6249200004723582,1000.0,1000.0,1000.0,1000.0,1000.0,1000.0,1000.0,1000.0,1000.0,1000.0,0.6959195087275128
126,127,0.6828280244438416,0.7245107074906092,0.704413827836037,0.6516410420912537,0.6567553699626643,0.6685897713740524,0.6846990181944916,0.6310666320443505,0.6784924966393041,0.6226749183427922,1000.0,1000.0,1000.0,1000.0,1000.0,1000.0,1000.0,1000.0,1000.0,1000.0,0.6804387548901054
127,128,0.6881992005492323,0.7175414781326473,0.6894511050005953,0.6626725074242372,0.6566910095479978,0.6837874665281888,0.7024355942324999,0.6367375924309101,0.6857576635747061,0.6300849740478793,1000.0,1000.0,1000.0,1000.0,1000.0,1000.0,1000.0,1000.0,1000.0,1000.0,0.6727360823635709
128,129,0.6900625257988904,0.7096571641322713,0.6866056364496084,0.6664318887744314,0.6619544233211279,0.6641769553302497,0.6990336506835896,0.6256113943676146,0.7004802299822833,0.6167045116926005,1000.0,1000.0,1000.0,1000.0,1000.0,1000.0,1000.0,1000.0,1000.0,1000.0,0.6565032849211633
129,130,0.6904997935007383,0.7131370140484605,0.6911238052850935,0.6753951407492597,0.6588466531637089,0.6682421352398433,0.6865748906646022,0.6180129518937841,0.6960051264145357,0.6307445739415846,1000.0,1000.0,1000.0,1000.0,1000.0,1000.0,1000.0,1000.0,1000.0,1000.0,0.6619284186567193
130,131,0.6820764036873566,0.7013312716095952,0.6985759905842104,0.6866569104140814,0.6805773544237461,0.661292914324634,0.6819724218509898,0.6121270308329503,0.6833938636186017,0.6470505255237418,1000.0,1000.0,1000.0,1000.0,1000.0,1000.0,1000.0,1000.0,1000.0,1000.0,0.6558512070189849
131,132,0.6663729612919673,0.6900162191982411,0.6972416803202846,0.6872787005461112,0.7012653201717051,0.6600841518749848,0.677553358942889,0.614042107546816,0.6671206389457994,0.6486960785647584,1000.0,1000.0,1000.0,1000.0,1000.0,1000.0,1000.0,1000.0,1000.0,1000.0,0.6685426880702718
132,133,0.6597561055063772,0.6703807770217127,0.6970459900194319,0.6798061621569262,0.6900312519208346,0.6472482164963547,0.6674449113978114,0.6093551289557935,0.6471218420143414,0.6395392318249995,1000.0,1000.0,1000.0,1000.0,1000.0,1000.0,1000.0,1000.0,1000.0,1000.0,0.677316204672685
133,134,0.6420029901892539,0.6860407405656396,0.7015178184804511,0.6859563619815023,0.7205920098426286,0.6369988662129977,0.6544785864647137,0.6425293101412306,0.6470287213200513,0.6600726042224849,1000.0,1000.0,1000.0,1000.0,1000.0,1000.0,1000.0,1000.0,1000.0,1000.0,0.6913854790701242
134,135,0.6502897624848962,0.6834075421084265,0.7078027597055706,0.6744491297397828,0.7072450840500702,0.631789690056998,0.6595368232504937,0.6481942731717176,0.6471311197818229,0.6623612113961157,1000.0,1000.0,1000.0,1000.0,1000.0,1000.0,1000.0,1000.0,1000.0,1000.0,0.6885177018523164
135,136,0.645046407782275,0.6848042865247689,0.7015710502896413,0.6570103782397934,0.6850450150507832,0.6324505017659046,0.6460311376957822,0.6414616480992696,0.6560941527391463,0.6332564043943989,1000.0,1000.0,1000.0,1000.0,1000.0,1000.0,1000.0,1000.0,1000.0,1000.0,0.6825471863575687
136,137,0.6597902184792509,0.6658349982901841,0.7021837094734579,0.6559816161884611,0.6646536020631988,0.6408922684659892,0.6501607949844761,0.6505198188843426,0.6413160971698165,0.6261383112911775,1000.0,1000.0,1000.0,1000.0,1000.0,1000.0,1000.0,1000.0,1000.0,1000.0,0.684974091536674
137,138,0.6481048977201824,0.68069444647526,0.6969428326061317,0.6472641591271404,0.6722281751781912,0.6472031001460901,0.6597783710866768,0.6450745098965124,0.6625510782542845,0.620954866979389,1000.0,1000.0,1000.0,1000.0,1000.0,1000.0,1000.0,1000.0,1000.0,1000.0,0.6759119313803756
138,139,0.6563208307015088,0.6655381994176937,0.6962496449142271,0.6295219464896722,0.66613012111215,0.6578655664895641,0.6615410018600996,0.6254858740766315,0.6421470176299493,0.6114466556785911,1000.0,1000.0,1000.0,1000.0,1000.0,1000.0,1000.0,1000.0,1000.0,1000.0,0.6843701413157172
139,140,0.6631544542375243,0.6484761807046537,0.6838532093179616,0.6293311886659897,0.6636110370734655,0.6582652959283627,0.67324869365137,0.6230988498095844,0.6409868867963999,0.597709623420501,1000.0,1000.0,1000.0,1000.0,1000.0,1000.0,1000.0,1000.0,1000.0,1000.0,0.6859732245103418
140,141,0.6659379256930762,0.6482971781809912,0.6744078031550378,0.6351170935263954,0.6697828479808862,0.6477916166774584,0.6697936192434583,0.6272246144703322,0.6145002067151533,0.6296905553211365,1000.0,1000.0,1000.0,1000.0,1000.0,1000.0,1000.0,1000.0,1000.0,1000.0,0.6887067527309952
141,142,0.6631813222791505,0.6672430391844362,0.670095161692257,0.6292918854701444,0.660684664820355,0.631551207194974,0.6644626079436968,0.6298190649241597,0.6209511759594413,0.6407985933591652,1000.0,1000.0,1000.0,1000.0,1000.0,1000.0,1000.0,1000.0,1000.0,1000.0,0.6976684144317864
142,143,0.6705844691069658,0.6398844116048907,0.6626859739566369,0.6385756654213509,0.6692426504548514,0.6331276984839387,0.6430914114765668,0.6221857424625099,0.5861067723625036,0.6410957821372917,1000.0,1000.0,1000.0,1000.0,1000.0,1000.0,1000.0,1000.0,1000.0,1000.0,0.7030776995268267
143,144,0.6712667236735403,0.6350723768371352,0.6649248920046877,0.6267510105325542,0.673225418646618,0.6364336190386897,0.6357387698454258,0.6091107838158112,0.5797047396486653,0.6321542805420568,1000.0,1000.0,1000.0,1000.0,1000.0,1000.0,1000.0,1000.0,1000.0,1000.0,0.6836635234577726
144,145,0.6711686411720652,0.6390037748672858,0.6548188924022467,0.6152814056277559,0.6732332833390519,0.6370022520347532,0.6286407989390912,0.6043781802861927,0.5596562750266258,0.6163145540845736,1000.0,1000.0,1000.0,1000.0,1000.0,1000.0,1000.0,1000.0,1000.0,1000.0,0.6810230547919953
145,146,0.669541519771635,0.6274610044570463,0.6583209773892541,0.6166468211015138,0.6587554063274593,0.6339026585420686,0.6413636263317457,0.6094791093064232,0.5859336316476236,0.5877903493844938,1000.0,1000.0,1000.0,1000.0,1000.0,1000.0,1000.0,1000.0,1000.0,1000.0,0.6595772564307624
146,147,0.6753640144308857,0.6179193211455448,0.6522712645928379,0.6275398702114428,0.6670872782434906,0.6398532910839804,0.6256005397858594,0.5923345041411183,0.5906398038590509,0.5849662032542432,1000.0,1000.0,1000.0,1000.0,1000.0,1000.0,1000.0,1000.0,1000.0,1000.0,0.6636714602457101
147,148,0.6846217527144078,0.6353432545934762,0.6362856173217437,0.6237837431147886,0.6461956143409839,0.6310868273378112,0.6315464129552151,0.6062252029941402,0.5953546491873152,0.5732155425367518,1000.0,1000.0,1000.0,1000.0,1000.0,1000.0,1000.0,1000.0,1000.0,1000.0,0.6563310958549677
148,149,0.6816479149351706,0.6448443425654405,0.6256108826132067,0.6361557037152231,0.6197321862429639,0.620758537525403,0.6326053381235763,0.616658643133179,0.5970355849702489,0.5646037416762164,1000.0,1000.0,1000.0,1000.0,1000.0,1000.0,1000.0,1000.0,1000.0,1000.0,0.6588573644067065
149,150,0.6790219268764145,0.6489580755836274,0.629548902954894,0.6419763150598309,0.6272414023899066,0.6220973876548808,0.6235174965692091,0.6173950207184935,0.6155456541708648,0.599381149167461,1000.0,1000.0,1000.0,1000.0,1000.0,1000.0,1000.0,1000.0,1000.0,1000.0,0.658460318313846
150,151,0.6863589437929472,0.6678350440443772,0.6187066820448749,0.6473093837595518,0.6307799089011168,0.6184247486128095,0.6061635116523565,0.6128597698008538,0.6007065088317393,0.611627341470504,1000.0,1000.0,1000.0,1000.0,1000.0,1000.0,1000.0,1000.0,1000.0,1000.0,0.6744176739848082
151,152,0.670669454352913,0.6750103615118992,0.6195457755869821,0.6414516890618408,0.622094249528035,0.625327734056424,0.6058454872945942,0.6245689218647039,0.5907409006525113,0.611932087288764,1000.0,1000.0,1000.0,1000.0,1000.0,1000.0,1000.0,1000.0,1000.0,1000.0,0.6673468341373148
152,153,0.6389650978811596,0.6627463795033394,0.6387420221173469,0.6259189703228485,0.6199538925821375,0.6150296640376435,0.596758454276838,0.6240299274790948,0.6004141600275092,0.6335116896481039,1000.0,1000.0,1000.0,1000.0,1000.0,1000.0,1000.0,1000.0,1000.0,1000.0,0.6659475294157282
153,154,0.6331066443274482,0.6551339593601313,0.6273171518017503,0.6214359068706508,0.617988482217427,0.6157115566714841,0.5857205807979099,0.6408171179002193,0.598378594810299,0.6452882514135834,1000.0,1000.0,1000.0,1000.0,1000.0,1000.0,1000.0,1000.0,1000.0,1000.0,0.6564511462624937
154,155,0.6296779010958644,0.6317739219934222,0.6254026691380388,0.620040172887569,0.5940534906914557,0.6124980979051255,0.5762412218087116,0.6424892746703157,0.5966214500664033,0.6166171951046329,1000.0,1000.0,1000.0,1000.0,1000.0,1000.0,1000.0,1000.0,1000.0,1000.0,0.6580567526337942
155,156,0.6121057151348869,0.6312204055291881,0.6297392983586986,0.6134967617137107,0.5880110982154514,0.6108971495442684,0.5779435421039167,0.6347638158564459,0.580356657222948,0.6196032979730903,1000.0,1000.0,1000.0,1000.0,1000.0,1000.0,1000.0,1000.0,1000.0,1000.0,0.6473884790753409
156,157,0.6071369052016766,0.638655111942138,0.6287032525320719,0.5910434432612796,0.5881407017931596,0.5938182078094789,0.5632233052862622,0.6284663565072021,0.5763830388143164,0.6085483156747602,1000.0,1000.0,1000.0,1000.0,1000.0,1000.0,1000.0,1000.0,1000.0,1000.0,0.633505074252146
157,158,0.6164234931478398,0.6577180834605412,0.6241897047041137,0.6068174168950738,0.6038918553146921,0.6061380613181366,0.5711872785573067,0.6169918228025086,0.5627220257048626,0.601775999784215,1000.0,1000.0,1000.0,1000.0,1000.0,1000.0,1000.0,1000.0,1000.0,1000.0,0.6345121605246583
158,159,0.6139717653402105,0.6540065939698742,0.6257261935091182,0.6029412584079089,0.5930260532837451,0.6062797502678917,0.5810474482743465,0.5938923869567514,0.5715167185922765,0.5896450109993208,1000.0,1000.0,1000.0,1000.0,1000.0,1000.0,1000.0,1000.0,1000.0,1000.0,0.6367819808638504
159,160,0.613655037549069,0.6863178237108182,0.6233200609821343,0.6196636545817473,0.5964739523490297,0.5912234867711621,0.5992754830493621,0.5879767343288151,0.5668217717523001,0.6040864498968893,1000.0,1000.0,1000.0,1000.0,1000.0,1000.0,1000.0,1000.0,1000.0,1000.0,0.6303514668553671
160,161,0.6230537680389343,0.6838357534340305,0.616263728537248,0.6226733824290891,0.5976433757164815,0.5932957612579317,0.6011585484465287,0.5898489328217117,0.5627694565375942,0.5932657524312119,1000.0,1000.0,1000.0,1000.0,1000.0,1000.0,1000.0,1000.0,1000.0,1000.0,0.6465714962585295
161,162,0.6342360391682288,0.6626694239117858,0.6073830258015224,0.6483991841452617,0.6026643822368137,0.5908085839016178,0.6219732766983933,0.5877688952322,0.5547035013311894,0.5953409485342973,1000.0,1000.0,1000.0,1000.0,1000.0,1000.0,1000.0,1000.0,1000.0,1000.0,0.6454757591059164
162,163,0.6268938087386048,0.6405862005432179,0.6075542169540779,0.6437316892854397,0.6021776874303834,0.5855998471712647,0.5959416250560144,0.5743340844026876,0.5437185892649192,0.5814117927900151,1000.0,1000.0,1000.0,1000.0,1000.0,1000.0,1000.0,1000.0,1000.0,1000.0,0.6481911364857746
163,164,0.6189614177786074,0.6512351229031196,0.6228469407172097,0.6581913840956843,0.6055380057217665,0.5725171951297907,0.5958049438335573,0.5750835788632747,0.5205014019310028,0.5881024582235476,1000.0,1000.0,1000.0,1000.0,1000.0,1000.0,1000.0,1000.0,1000.0,1000.0,0.637611736205242
164,165,0.6186583004569396,0.6259736961812271,0.6016609029793928,0.638418074308777,0.5873275068492914,0.572256548163095,0.5718827599616102,0.5803153028590528,0.5119511115592058,0.5834511133952096,1000.0,1000.0,1000.0,1000.0,1000.0,1000.0,1000.0,1000.0,1000.0,1000.0,0.6304816927337705
165,166,0.6148729435471136,0.619840742927935,0.6139265780913175,0.6275210698068493,0.5878759771658644,0.5536974316326716,0.5623778381911725,0.5944613104840204,0.5256139623007104,0.5949841563542508,1000.0,1000.0,1000.0,1000.0,1000.0,1000.0,1000.0,1000.0,1000.0,1000.0,0.6116720308145833
166,167,0.6170809070490979,0.6046103865480891,0.631951124521631,0.6184605938434002,0.570929108348911,0.5585967070537373,0.549743565763343,0.5987195386558766,0.5185275848825726,0.5830507277075487,1000.0,1000.0,1000.0,1000.0,1000.0,1000.0,1000.0,1000.0,1000.0,1000.0,0.6022058040213879
167,168,0.6217005093333177,0.6089808027426933,0.6199698350621118,0.6149073621810995,0.5496750292196935,0.5592662933741814,0.5497353108276052,0.6159379578189684,0.5263697248235566,0.5812399367548023,1000.0,1000.0,1000.0,1000.0,1000.0,1000.0,1000.0,1000.0,1000.0,1000.0,0.593924077316393
168,169,0.6302626461415415,0.6035387816980744,0.5965820307837195,0.6136856415908672,0.5616244309175225,0.5574584639751119,0.531253524172096,0.6117916445601312,0.5380514219480221,0.5729104607894752,1000.0,1000.0,1000.0,1000.0,1000.0,1000.0,1000.0,1000.0,1000.0,1000.0,0.5924830097412166
169,170,0.6221224355290664,0.6087253056898326,0.5916386440817932,0.6058454866899425,0.5832075907241723,0.5528531286009069,0.5255069183007296,0.6232809981023396,0.5334453115600792,0.5773426486159778,1000.0,1000.0,1000.0,1000.0,1000.0,1000.0,1000.0,1000.0,1000.0,1000.0,0.5955340113362466
170,171,0.6186855097230806,0.6036253567813736,0.5775555065814444,0.5995674870168044,0.5726792691518126,0.5388895539037832,0.5064467020760337,0.6165792943552532,0.5207007131250236,0.5854180101529435,1000.0,1000.0,1000.0,1000.0,1000.0,1000.0,1000.0,1000.0,1000.0,1000.0,0.5899964267566444
171,172,0.6126469602968041,0.6268876545130404,0.548198437818318,0.5938291714711039,0.5749769786268655,0.5402427520666051,0.4915602696881309,0.6187333165280757,0.5306431304801984,0.5986573611892624,1000.0,1000.0,1000.0,1000.0,1000.0,1000.0,1000.0,1000.0,1000.0,1000.0,0.5990999189845138
172,173,0.6198360453724104,0.6174518860304723,0.5606511029914083,0.5870358899800555,0.5803491360045351,0.5306548484043416,0.4958342457976322,0.6181626499635986,0.5154530912098879,0.6076431681515945,1000.0,1000.0,1000.0,1000.0,1000.0,1000.0,1000.0,1000.0,1000.0,1000.0,0.5962145036261746
173,174,0.6146159296798859,0.6109826512193741,0.5533804638403632,0.5670018695652492,0.574816515176328,0.5324846629358568,0.4975452049941159,0.6186014178806388,0.5089052730357765,0.6160459072495585,1000.0,1000.0,1000.0,1000.0,1000.0,1000.0,1000.0,1000.0,1000.0,1000.0,0.6236598945679175
174,175,0.5984388893521027,0.6179607068823607,0.556031794269284,0.5637095377498709,0.5694710130492013,0.5386424354895267,0.4811935959190509,0.611664354366394,0.49005398094704516,0.6103991361362515,1000.0,1000.0,1000.0,1000.0,1000.0,1000.0,1000.0,1000.0,1000.0,1000.0,0.6286910992285633
175,176,0.5879197664712585,0.6138373082075004,0.5431990530617222,0.562215023594388,0.5821267185645743,0.5557744068098259,0.4982512025465368,0.607139694649323,0.4819642589725861,0.5951271252050196,1000.0,1000.0,1000.0,1000.0,1000.0,1000.0,1000.0,1000.0,1000.0,1000.0,0.6268529761978453
176,177,0.5800320320074441,0.6065173237773809,0.5453568221656779,0.5594331457913204,0.586134127163584,0.5390743913755076,0.5046949335507137,0.5942117609951705,0.46186066642410567,0.5945923055693025,1000.0,1000.0,1000.0,1000.0,1000.0,1000.0,1000.0,1000.0,1000.0,1000.0,0.6306853510856113
177,178,0.560752512382966,0.6006086022456505,0.528429717935626,0.5505063276168543,0.5711025779549005,0.5265339941278506,0.4996889786618457,0.5934460472399816,0.46113657561946625,0.6022943596614259,1000.0,1000.0,1000.0,1000.0,1000.0,1000.0,1000.0,1000.0,1000.0,1000.0,0.6304171116765962
178,179,0.5710885923707227,0.6119231492735311,0.5224083971148386,0.5531169306295977,0.5491332714608536,0.5042954454283869,0.5087859512003046,0.5780640244326833,0.45144514244545136,0.6027116949687488,1000.0,1000.0,1000.0,1000.0,1000.0,1000.0,1000.0,1000.0,1000.0,1000.0,0.5933848497579636
179,180,0.5684462927380822,0.6100921161870544,0.5301595231209977,0.5508856135680731,0.5422745853553732,0.48681763284496293,0.514197229071119,0.5618897161572539,0.4424572175978424,0.6116736253936805,1000.0,1000.0,1000.0,1000.0,1000.0,1000.0,1000.0,1000.0,1000.0,1000.0,0.5826311416964796
180,181,0.5548579874784135,0.6136515364094609,0.535276832196527,0.5446643250348012,0.5257792377819439,0.48959518486792264,0.4907835892945707,0.5524592046265734,0.43415661337513745,0.6111333923212474,1000.0,1000.0,1000.0,1000.0,1000.0,1000.0,1000.0,1000.0,1000.0,1000.0,0.585096581442393
181,182,0.5336666609138304,0.6083658349174291,0.5333844521669173,0.5408113481187475,0.5313749084738614,0.4684019656148715,0.4736425205313789,0.5523300727811487,0.42941371872830836,0.618706921485707,1000.0,1000.0,1000.0,1000.0,1000.0,1000.0,1000.0,1000.0,1000.0,1000.0,0.5689989082718216
182,183,0.5323613643580926,0.624189056019492,0.5214930432215341,0.5339536223025332,0.530237761880402,0.4672690132060991,0.47332457499115754,0.5641134231619886,0.4247472192474639,0.5969235899913744,1000.0,1000.0,1000.0,1000.0,1000.0,1000.0,1000.0,1000.0,1000.0,1000.0,0.5554084258139842
183,184,0.5061037988740537,0.6050409745818179,0.5256717145123387,0.528652664685338,0.531106003413294,0.4894742898987495,0.44753309189747803,0.5818283620234757,0.4211476948162516,0.5839685692866248,1000.0,1000.0,1000.0,1000.0,1000.0,1000.0,1000.0,1000.0,1000.0,1000.0,0.5648240727071523
184,185,0.510449439579552,0.5902123798145386,0.5163271650037111,0.5179857842311033,0.5215392361165062,0.5046464054557617,0.45069868028371174,0.5824016902423086,0.42682743878702656,0.5674815628910748,1000.0,1000.0,1000.0,1000.0,1000.0,1000.0,1000.0,1000.0,1000.0,1000.0,0.5496610732326762
185,186,0.5090894844005663,0.5840734992449822,0.5127352693527851,0.5077369234059422,0.5175516086048093,0.47625311905976897,0.45567998170803276,0.5761083376553799,0.4294886102472907,0.5649350861829149,1000.0,1000.0,1000.0,1000.0,1000.0,1000.0,1000.0,1000.0,1000.0,1000.0,0.5605610313227484
186,187,0.5172014858926793,0.5778318166059109,0.5074354436085761,0.49730422012304737,0.5071485594600491,0.48835510455351433,0.46096981963645123,0.5776091657748388,0.4257444129598354,0.5476635817034283,1000.0,1000.0,1000.0,1000.0,1000.0,1000.0,1000.0,1000.0,1000.0,1000.0,0.5650794154066883
187,188,0.5270069506511159,0.5694410175595518,0.51304644370528,0.5020972064260306,0.49946053373701843,0.48312343659234325,0.4639661225097661,0.5765690437327725,0.41915732309602205,0.5479667602093237,1000.0,1000.0,1000.0,1000.0,1000.0,1000.0,1000.0,1000.0,1000.0,1000.0,0.5707539477630746
188,189,0.5375612900208837,0.576656473429332,0.49893375355223507,0.49105714811279155,0.4826596172192931,0.4674788932190329,0.46370165853244344,0.5533879882561827,0.41333026495085495,0.545105154682527,1000.0,1000.0,1000.0,1000.0,1000.0,1000.0,1000.0,1000.0,1000.0,1000.0,1000.0
189,190,0.5422560076777113,0.5667451269342603,0.5036436915742901,0.48083906813920435,0.474025583732785,0.440265033215206,0.44853814145268833,0.5594791540847364,0.4056468157495862,0.5453223722230823,1000.0,1000.0,1000.0,1000.0,1000.0,1000.0,1000.0,1000.0,1000.0,1000.0,1000.0
190,191,0.5362000977975035,0.5818340591298206,0.48832302417741663,0.4967368672358141,0.4667746330027427,0.4444133118337126,0.43716874812785705,0.56488862368682,0.3738645143853101,0.5532841254129224,1000.0,1000.0,1000.0,1000.0,1000.0,1000.0,1000.0,1000.0,1000.0,1000.0,1000.0
191,192,0.5509585525995873,0.5883287734656163,0.48913171544562484,0.4886767724230022,0.4398173078263734,0.43432811198911114,0.425883526913163,0.5519430587153633,0.34895542931640355,0.5665376960413291,1000.0,1000.0,1000.0,1000.0,1000.0,1000.0,1000.0,1000.0,1000.0,1000.0,1000.0
192,193,0.5315526954354474,0.6043527044582835,0.4848337683986249,0.4898378349385588,0.44409078345653974,0.4253762877786455,0.4063515751244811,0.525240189491122,0.3410587376377623,0.5719016596286156,1000.0,1000.0,1000.0,1000.0,1000.0,1000.0,1000.0,1000.0,1000.0,1000.0,1000.0
193,194,0.5105422901026955,0.5924085943232695,0.48682852161404855,0.4920010350640954,0.4568020549443611,0.4106425400881447,0.39550628366064405,0.5365704438052504,0.3239906357316236,0.5650018454440473,1000.0,1000.0,1000.0,1000.0,1000.0,1000.0,1000.0,1000.0,1000.0,1000.0,1000.0
194,195,0.5023371989364784,0.5916146354042879,0.47148261089633225,0.5095586091029706,0.44902423888510795,0.4081520860902598,0.3843217564947897,0.5324641587019313,0.3111787248335297,0.5610320471062342,1000.0,1000.0,1000.0,1000.0,1000.0,1000.0,1000.0,1000.0,1000.0,1000.0,1000.0
195,196,0.5161981978143056,0.5853044776867572,0.47063332348989084,0.5084127444383171,0.4533763885848804,0.4040928021686242,0.3693009042112959,0.5380643047750626,0.3155718794584209,0.5488477082044726,1000.0,1000.0,1000.0,1000.0,1000.0,1000.0,1000.0,1000.0,1000.0,1000.0,1000.0
196,197,0.49344910848896395,0.5838297817365048,0.4586716958438207,0.49251282362042614,0.4616525280033722,0.3870412641523582,0.3422204694638869,0.5474136840296605,0.32754907696386387,0.5486239575440264,1000.0,1000.0,1000.0,1000.0,1000.0,1000.0,1000.0,1000.0,1000.0,1000.0,1000.0
197,198,0.4824121974505832,0.5741717164024639,0.45851129855442646,0.4862541587158322,0.4458899079076235,0.38230564717896925,0.33635617034590226,0.55852528205553,0.30634599391351564,0.5546393732469922,1000.0,1000.0,1000.0,1000.0,1000.0,1000.0,1000.0,1000.0,1000.0,1000.0,1000.0
198,199,0.49266370792540926,0.5599137115377466,0.44018097116887195,0.460438591808324,0.43639393343353233,0.3821742447488883,0.31847660083884494,0.5577158280326893,0.3048947592676061,0.5601947096379473,1000.0,1000.0,1000.0,1000.0,1000.0,1000.0,1000.0,1000.0,1000.0,1000.0,1000.0
199,200,0.48616014274751906,0.5682176528100357,0.4468184570904577,0.45020198063638717,0.4304462231250185,0.3754376473275179,0.32482562966675044,0.5574694322104661,0.29678230037389197,0.5629994681109864,1000.0,1000.0,1000.0,1000.0,1000.0,1000.0,1000.0,1000.0,1000.0,1000.0,1000.0
200,201,0.4694926612255192,0.5585352589917341,0.45073227380168,0.42556884629889924,0.4356579605331574,0.37178043713598313,0.3218230954669191,0.5380627020603654,0.2832832408839274,0.5650207489980167,1000.0,1000.0,1000.0,1000.0,1000.0,1000.0,1000.0,1000.0,1000.0,1000.0,1000.0
201,202,0.468260031052458,0.5572371677787717,0.44636490385606475,0.44361740822098306,0.4283304129401406,0.3820439047844713,0.3218182561091146,0.5218689351386243,0.2571797822793412,0.5723766468495175,1000.0,1000.0,1000.0,1000.0,1000.0,1000.0,1000.0,1000.0,1000.0,1000.0,1000.0
202,203,0.4745125274412508,0.544883160645109,0.4409206447303382,0.4351672728766662,0.42029013377014107,0.37300848433359135,0.3112988882033757,0.5132508981610411,0.25483871856515,0.5644459444119518,1000.0,1000.0,1000.0,1000.0,1000.0,1000.0,1000.0,1000.0,1000.0,1000.0,1000.0
203,204,0.47613579202831796,0.5631454622631555,0.4528682546155389,0.4584078689325072,0.41514822742645424,0.3663293741846555,0.3072603575397227,0.5094801753393033,0.24829108908785483,0.555882256357505,1000.0,1000.0,1000.0,1000.0,1000.0,1000.0,1000.0,1000.0,1000.0,1000.0,1000.0
204,205,0.47231743513828783,0.5690226036525025,0.4476838483527755,0.45141839276935125,0.42103068182884834,0.3543419826110477,0.2962770316273119,0.5127069525388377,0.24608854023304919,0.5446981459257454,1000.0,1000.0,1000.0,1000.0,1000.0,1000.0,1000.0,1000.0,1000.0,1000.0,1000.0
205,206,0.47321919190648976,0.5659061230298914,0.4263710883131061,0.4569036352405632,0.39121359625156454,0.3462493233015046,0.2949743148180484,0.5296209000359455,0.23133958292400844,0.5370641566696264,1000.0,1000.0,1000.0,1000.0,1000.0,1000.0,1000.0,1000.0,1000.0,1000.0,1000.0
206,207,0.46830702217426745,0.552584440756577,0.4229133396772461,0.4455910554805885,0.3732208819279541,0.32474054617833104,0.2876978008465229,0.5559919990082066,0.2327857013612658,0.5195819300389642,1000.0,1000.0,1000.0,1000.0,1000.0,1000.0,1000.0,1000.0,1000.0,1000.0,1000.0
207,208,0.45345575711176245,0.5658289776076695,0.42128657719546336,0.4325993412991765,0.3548975327972978,0.3090924284402223,0.26870067150890026,0.5560030511279009,0.22773989112423515,0.5146455211747623,1000.0,1000.0,1000.0,1000.0,1000.0,1000.0,1000.0,1000.0,1000.0,1000.0,1000.0
208,209,0.4246994117060572,0.5684172932945222,0.40530073368933417,0.43392838799979794,0.3411585703566967,0.2968314695577293,0.27446005942494206,0.5541306146542198,0.19754622518003978,0.5267747321960494,1000.0,1000.0,1000.0,1000.0,1000.0,1000.0,1000.0,1000.0,1000.0,1000.0,1000.0
209,210,0.4337643121375351,0.5534344680538323,0.4042213729117356,0.42193740929919643,0.33433867776819925,0.2816261641586522,0.2587819346533169,0.5404441823400475,0.1807047344847857,0.5332515474315628,1000.0,1000.0,1000.0,1000.0,1000.0,1000.0,1000.0,1000.0,1000.0,1000.0,1000.0
210,211,0.41831117592164063,0.5536687173565698,0.4149268992781233,0.4114259778047559,0.32111011801677397,0.26699934615633125,0.25263833330612717,0.5325784264406958,0.1857402538131629,0.5285935160972297,1000.0,1000.0,1000.0,1000.0,1000.0,1000.0,1000.0,1000.0,1000.0,1000.0,1000.0
211,212,0.4321778001003233,0.5537002377559201,0.4019829493372492,0.38722229058111557,0.31386220371914597,0.265527186491087,0.2568219766366402,0.5136341980900356,0.1743638632012556,0.5269409898991579,1000.0,1000.0,1000.0,1000.0,1000.0,1000.0,1000.0,1000.0,1000.0,1000.0,1000.0
212,213,0.4413093335742039,0.5458465858649403,0.3714594940043998,0.3758630319072137,0.31657792818487657,0.24998465569720563,0.26016864585565436,0.49737478462335966,0.16622292851146725,0.5248993566874598,1000.0,1000.0,1000.0,1000.0,1000.0,1000.0,1000.0,1000.0,1000.0,1000.0,1000.0
213,214,0.43715289161221865,0.5295592642564353,0.35296341482975924,0.3656616459466133,0.32068999913066537,0.23586009288319304,0.23435392001290375,0.503079583023975,0.16361257436644694,0.5273073385330564,1000.0,1000.0,1000.0,1000.0,1000.0,1000.0,1000.0,1000.0,1000.0,1000.0,1000.0
214,215,0.4205722961419294,0.5265065036349419,0.3249455868766984,0.3696147391671931,0.3027365747600744,0.24598376491832735,0.22016230755773555,0.49826177219771794,0.1425097661382444,0.5336806252614104,1000.0,1000.0,1000.0,1000.0,1000.0,1000.0,1000.0,1000.0,1000.0,1000.0,1000.0
215,216,0.42694045365216554,0.5272266109850405,0.3119574058292319,0.3674854726384321,0.31274838062424704,0.2527849154992282,0.2085180454127141,0.500805236699469,0.11836076291336135,0.5414889572511193,1000.0,1000.0,1000.0,1000.0,1000.0,1000.0,1000.0,1000.0,1000.0,1000.0,1000.0
216,217,0.40882760224103176,0.5394159871139186,0.3037562542318212,0.37976073286856543,0.3089117702823289,0.25215433558341954,0.18796739465445989,0.4880103619131768,0.09841099895364494,0.5394672740117049,1000.0,1000.0,1000.0,1000.0,1000.0,1000.0,1000.0,1000.0,1000.0,1000.0,1000.0
217,218,0.38870506643624425,0.5281493018687022,0.3209766643755404,0.3763755738160024,0.299765280049967,0.2503229467910134,0.1829086971221514,0.4999861380603682,0.07300152385509569,0.5538323168638833,1000.0,1000.0,1000.0,1000.0,1000.0,1000.0,1000.0,1000.0,1000.0,1000.0,1000.0
218,219,0.3912761979503882,0.5257147906591754,0.340565512530471,0.3729899391637601,0.2807044669028872,0.2537992894833492,0.17304957730338355,0.4887495966169844,0.06044652523731572,0.5372081653515465,1000.0,1000.0,1000.0,1000.0,1000.0,1000.0,1000.0,1000.0,1000.0,1000.0,1000.0
219,220,0.3874017107230819,0.5333518797208151,0.34562965989014593,0.35184266028887196,0.286978714278411,0.23796276073029538,0.15904375750222904,0.4886910056335562,0.06392604785454956,0.540646563441215,1000.0,1000.0,1000.0,1000.0,1000.0,1000.0,1000.0,1000.0,1000.0,1000.0,1000.0
220,221,0.3911409132317595,0.5162051618827108,0.3317269743484398,0.3303876204542838,0.26093387695008835,0.21539624617044328,0.15351316231350126,0.4736384395418994,0.049859341505160845,0.5447700143271762,1000.0,1000.0,1000.0,1000.0,1000.0,1000.0,1000.0,1000.0,1000.0,1000.0,1000.0
221,222,0.3757036396790351,0.5083640288695929,0.34373988048990833,0.31506177232958815,0.2717421589958441,0.18772002298053483,0.15222368541052717,0.47418393279527543,0.029934386420769808,0.5533356010784851,1000.0,1000.0,1000.0,1000.0,1000.0,1000.0,1000.0,1000.0,1000.0,1000.0,1000.0
222,223,0.38634014232762787,0.5166583375416787,0.32529826322440863,0.3202149225207497,0.26224564923862503,0.1762999335219683,0.12730823814807585,0.4673605724406952,0.00867103442032614,0.5490220420634662,1000.0,1000.0,1000.0,1000.0,1000.0,1000.0,1000.0,1000.0,1000.0,1000.0,1000.0
223,224,0.38664612028763995,0.5193116205733435,0.3112178572821902,0.30560648816876423,0.26552265666186076,0.1722419293976915,0.12723872668062824,0.458025542526667,-0.009286006223567933,0.564954735047879,1000.0,1000.0,1000.0,1000.0,1000.0,1000.0,1000.0,1000.0,1000.0,1000.0,1000.0
224,225,0.3869374714734148,0.5107597105137132,0.3119819236775477,0.314939923724949,0.2503129494340296,0.16819765304482112,0.10598144309146154,0.4488588329482811,-0.033386029369031345,0.5480920949349694,1000.0,1000.0,1000.0,1000.0,1000.0,1000.0,1000.0,1000.0,1000.0,1000.0,1000.0
225,226,0.37022326800624816,0.5060807224702956,0.30387331817410757,0.3123274839809837,0.2522228994874549,0.1622484713963519,0.08778728124023158,0.45505786629471895,-0.05387428877932297,0.5536666151159118,1000.0,1000.0,1000.0,1000.0,1000.0,1000.0,1000.0,1000.0,1000.0,1000.0,1000.0
226,227,0.36588785598051726,0.5076003734645973,0.2759308122295832,0.29924755951947085,0.24044392242523283,0.16970623123557815,0.06602820492097075,0.4634038247435699,-0.05739849584233445,0.524897835619689,1000.0,1000.0,1000.0,1000.0,1000.0,1000.0,1000.0,1000.0,1000.0,1000.0,1000.0
227,228,0.34216066547669916,0.4961775845348577,0.2803470765452976,0.2843688985366758,0.24232603887801196,0.16508560694606142,0.06321543836085942,0.4653857076560632,-0.06492087144149114,0.5252094197522013,1000.0,1000.0,1000.0,1000.0,1000.0,1000.0,1000.0,1000.0,1000.0,1000.0,1000.0
228,229,0.3351642626396144,0.49714192159104564,0.27060605221100986,0.2614743543484922,0.2278950540038462,0.14920089504239703,0.056994390994157984,0.4546729847358887,-0.05926772533873972,0.5153056345159062,1000.0,1000.0,1000.0,1000.0,1000.0,1000.0,1000.0,1000.0,1000.0,1000.0,1000.0
229,230,0.31407324323845837,0.4949854271069519,0.2502799551890048,0.2488035616264112,0.22512679665780538,0.11529532100050496,0.06985607997685059,0.4571868715614472,-0.06800033482253635,0.5177796698244299,1000.0,1000.0,1000.0,1000.0,1000.0,1000.0,0.06985607997685059,1000.0,1000.0,1000.0,1000.0
230,231,0.316708308446286,0.4970425757540119,0.24581019271660348,0.24291546754456586,0.215552689584731,0.10586116230854845,1000.0,0.46026977840065114,-0.07268757384712854,0.4950339116192466,1000.0,1000.0,1000.0,1000.0,1000.0,1000.0,1000.0,1000.0,1000.0,1000.0,1000.0
231,232,0.3039443128214354,0.4991704960469029,0.24254564400441403,0.234931027073231,0.19965325252924276,0.0950750828298297,1000.0,0.44485523572867186,-0.10145944578040629,0.524532757848462,1000.0,1000.0,1000.0,1000.0,1000.0,1000.0,1000.0,1000.0,1000.0,1000.0,1000.0
232,233,0.30247085886582115,0.5018168113152403,0.23228302233698592,0.2346515337736617,0.1850553175009272,0.09159130564892795,1000.0,0.43849794799782404,-0.12094197610750142,0.5136624263122421,1000.0,1000.0,1000.0,1000.0,1000.0,1000.0,1000.0,1000.0,1000.0,1000.0,1000.0
233,234,0.2933632452015586,0.49340223456497306,0.22674114624625402,0.22741771004216763,0.17494992102868784,0.06178531237398085,1000.0,0.44403402165001876,-0.16551624574693452,0.5265949154454953,1000.0,1000.0,1000.0,1000.0,1000.0,1000.0,1000.0,1000.0,1000.0,1000.0,1000.0
234,235,0.2791179182768576,0.49495728492721636,0.2161367035399447,0.20245662164222047,0.163495027990731,0.06321452550588821,1000.0,0.4463042278075906,-0.19182524278795818,0.5225393549153623,1000.0,1000.0,1000.0,1000.0,1000.0,1000.0,1000.0,1000.0,1000.0,1000.0,1000.0
235,236,0.26631956346033636,0.4883141805531713,0.2097576528804796,0.19519100733696687,0.15633091097692914,0.03802053854859081,1000.0,0.44377267006123133,-0.22117197696099805,0.5133005564105128,1000.0,1000.0,1000.0,1000.0,1000.0,1000.0,1000.0,1000.0,-0.22117197696099805,1000.0,1000.0
236,237,0.27193218408684583,0.48451879873788445,0.21651765148137744,0.20693837572368695,0.15033435483717517,0.029874267134537023,1000.0,0.4517228333517502,1000.0,0.4962939008707915,1000.0,1000.0,1000.0,1000.0,1000.0,1000.0,1000.0,1000.0,1000.0,1000.0,1000.0
237,238,0.26977250854624957,0.4854763413775071,0.19684031137323282,0.19106646147276923,0.14256739920232567,0.007637465027965718,1000.0,0.45059039176107063,1000.0,0.4948898559783402,1000.0,1000.0,1000.0,1000.0,1000.0,1000.0,1000.0,1000.0,1000.0,1000.0,1000.0
238,239,0.26597234946230514,0.46878750024883215,0.175038570494405,0.18357420983353995,0.1254523694698393,0.014555151841596569,1000.0,0.45591008264394856,1000.0,0.47933397720295756,1000.0,1000.0,1000.0,1000.0,1000.0,1000.0,1000.0,1000.0,1000.0,1000.0,1000.0
239,240,0.271902481739615,0.4697099002224004,0.17558379036336597,0.18249267147107306,0.10140075166563763,-0.01339611933198298,1000.0,0.4492569064678097,1000.0,0.4890707786522805,1000.0,1000.0,1000.0,1000.0,1000.0,1000.0,1000.0,1000.0,1000.0,1000.0,1000.0
240,241,0.26106347579602635,0.4694471740023659,0.16521317588283257,0.16586878950538095,0.09613583176962369,-0.01574046765996745,1000.0,0.42560405443703503,1000.0,0.5055112551852279,1000.0,1000.0,1000.0,1000.0,1000.0,1000.0,1000.0,1000.0,1000.0,1000.0,1000.0
241,242,0.24679935267099432,0.4613084576034409,0.13583167837903365,0.14984346617474512,0.06867957170833827,-0.03399889433549848,1000.0,0.40670611514567023,1000.0,0.49941276178930066,1000.0,1000.0,1000.0,1000.0,1000.0,1000.0,1000.0,1000.0,1000.0,1000.0,1000.0
242,243,0.24658431302110584,0.4456749670100898,0.1353723141110387,0.13709834439078242,0.049644948329526095,-0.04395040013544349,1000.0,0.3897388738278849,1000.0,0.49931904518491255,1000.0,1000.0,1000.0,1000.0,1000.0,1000.0,1000.0,1000.0,1000.0,1000.0,1000.0
243,244,0.24807339306911996,0.46375241481449797,0.13022151799343756,0.1279087064518094,0.04541638470905603,-0.07113315862574332,1000.0,0.3862622159273106,1000.0,0.5013741039678846,1000.0,1000.0,1000.0,1000.0,1000.0,1000.0,1000.0,1000.0,1000.0,1000.0,1000.0
244,245,0.23352328859641217,0.444057185639836,0.11464380694213945,0.12363652322265166,0.02854884104648775,-0.09133110694270971,1000.0,0.3856459611976027,1000.0,0.4936159536714719,1000.0,1000.0,1000.0,1000.0,1000.0,1000.0,1000.0,1000.0,1000.0,1000.0,1000.0
245,246,0.22091083747779144,0.44131429796275234,0.10317681353942106,0.11942731493657566,0.017455737790530945,-0.10626135158509653,1000.0,0.38725486219960575,1000.0,0.4883269836139027,1000.0,1000.0,1000.0,1000.0,1000.0,1000.0,1000.0,1000.0,1000.0,1000.0,1000.0
246,247,0.22901914602907544,0.4235455270821068,0.0926524541048811,0.09535435240003336,0.012452249656016712,-0.12653314120424408,1000.0,0.3967267384549041,1000.0,0.49436424635059006,1000.0,1000.0,1000.0,1000.0,1000.0,1000.0,1000.0,1000.0,1000.0,1000.0,1000.0
247,248,0.2240926342223232,0.4442383139561744,0.06934521484222152,0.09423733386733017,0.013047560743516706,-0.15718267797021881,1000.0,0.41126797865122755,1000.0,0.48241570956077845,1000.0,1000.0,1000.0,1000.0,1000.0,1000.0,1000.0,1000.0,1000.0,1000.0,1000.0
248,249,0.20783244435394305,0.42016540573762146,0.04741991252324272,0.0866056318683488,-0.011806221712548758,-0.16582135226008188,1000.0,0.41350304966457807,1000.0,0.4689602953428329,1000.0,1000.0,1000.0,1000.0,1000.0,1000.0,1000.0,1000.0,1000.0,1000.0,1000.0
249,250,0.19170172958378817,0.4271487102408568,0.03448034731211921,0.06585789000911739,-0.027527965454391103,-0.16398602575135185,1000.0,0.4022078682110114,1000.0,0.4534901028821242,1000.0,1000.0,1000.0,1000.0,1000.0,1000.0,1000.0,1000.0,1000.0,1000.0,1000.0
250,251,0.2011983336304775,0.41193900100610836,0.020084421846271037,0.04695493158613758,-0.053216550005131716,-0.18831618333836686,1000.0,0.4014375202420267,1000.0,0.44120895764705503,1000.0,1000.0,1000.0,1000.0,1000.0,1000.0,1000.0,1000.0,1000.0,1000.0,1000.0
251,252,0.1813786089074672,0.4100756376550187,0.0038752116982108675,0.03139510755458461,-0.07141918601866558,-0.20266730288604257,1000.0,0.40460808250476743,1000.0,0.43265639181407145,1000.0,1000.0,0.0038752116982108675,1000.0,1000.0,1000.0,1000.0,1000.0,1000.0,1000.0,1000.0
252,253,0.16472702068025144,0.39393773953248645,1000.0,0.006312251990411899,-0.09266292984317996,-0.2207751812024248,1000.0,0.39365970705525244,1000.0,0.4326174409111257,1000.0,1000.0,1000.0,1000.0,1000.0,-0.2207751812024248,1000.0,1000.0,1000.0,1000.0,1000.0
253,254,0.13859977446253186,0.4209596083287604,1000.0,-0.008530170045982144,-0.09535530489828144,1000.0,1000.0,0.3900588846054017,1000.0,0.4356942626185011,1000.0,1000.0,1000.0,1000.0,1000.0,1000.0,1000.0,1000.0,1000.0,1000.0,1000.0
254,255,0.15791150002201315,0.42398364289252466,1000.0,-0.025805004003478925,-0.11430099457649101,1000.0,1000.0,0.3881440519245266,1000.0,0.42896262466600393,1000.0,1000.0,1000.0,1000.0,1000.0,1000.0,1000.0,1000.0,1000.0,1000.0,1000.0
255,256,0.1424241459567896,0.42795763213573146,1000.0,-0.04314989994824325,-0.10744914416622117,1000.0,1000.0,0.37618481934981957,1000.0,0.4370693564566519,1000.0,1000.0,1000.0,1000.0,1000.0,1000.0,1000.0,1000.0,1000.0,1000.0,1000.0
256,257,0.14221513766378563,0.43768158442427146,1000.0,-0.054074089146580115,-0.10075196175431074,1000.0,1000.0,0.36115406023282287,1000.0,0.4473912497899571,1000.0,1000.0,1000.0,1000.0,1000.0,1000.0,1000.0,1000.0,1000.0,1000.0,1000.0
257,258,0.1311117616134299,0.4216260097591034,1000.0,-0.07281505828140174,-0.09652938075960996,1000.0,1000.0,0.36342865712373207,1000.0,0.45443774454475,1000.0,1000.0,1000.0,1000.0,1000.0,1000.0,1000.0,1000.0,1000.0,1000.0,1000.0
258,259,0.14158083865393545,0.4141681799709568,1000.0,-0.09404800361468968,-0.11322164228843537,1000.0,1000.0,0.3557413882911634,1000.0,0.4591870966918927,1000.0,1000.0,1000.0,1000.0,1000.0,1000.0,1000.0,1000.0,1000.0,1000.0,1000.0
259,260,0.11242542294442526,0.40683348201491504,1000.0,-0.10035072280448634,-0.12748012389800006,1000.0,1000.0,0.36501079429280114,1000.0,0.4627733822246867,1000.0,1000.0,1000.0,1000.0,1000.0,1000.0,1000.0,1000.0,1000.0,1000.0,1000.0
260,261,0.09260650097029413,0.40915611503122074,1000.0,-0.10787336421384217,-0.16417389300343344,1000.0,1000.0,0.36684578526796463,1000.0,0.4530259526938664,1000.0,1000.0,1000.0,1000.0,1000.0,1000.0,1000.0,1000.0,1000.0,1000.0,1000.0
261,262,0.07084379664176119,0.37949775852240125,1000.0,-0.13016246908276555,-0.20226123545442237,1000.0,1000.0,0.3601389421010743,1000.0,0.4478915786321857,1000.0,1000.0,1000.0,1000.0,1000.0,1000.0,1000.0,1000.0,1000.0,1000.0,1000.0
262,263,0.0614553527102209,0.37771777135253237,1000.0,-0.1302826484400373,-0.24882173038765448,1000.0,1000.0,0.34811233677496745,1000.0,0.43869108858718714,1000.0,1000.0,1000.0,1000.0,1000.0,1000.0,1000.0,1000.0,1000.0,1000.0,1000.0
263,264,0.049266193853707604,0.38132443609720673,1000.0,-0.1593531281959695,-0.25949150683818123,1000.0,1000.0,0.33953915925905054,1000.0,0.429815184000231,1000.0,1000.0,1000.0,1000.0,1000.0,1000.0,1000.0,1000.0,1000.0,1000.0,1000.0
264,265,0.04407179279067748,0.3728357452479619,1000.0,-0.18614800711302373,-0.26789538464348644,1000.0,1000.0,0.31512840608869125,1000.0,0.4380650231759238,1000.0,1000.0,1000.0,1000.0,-0.26789538464348644,1000.0,1000.0,1000.0,1000.0,1000.0,1000.0
265,266,0.026702065574171253,0.37339561607323385,1000.0,-0.20238959535432607,1000.0,1000.0,1000.0,0.3054738713047911,1000.0,0.4281921845306985,1000.0,1000.0,1000.0,1000.0,1000.0,1000.0,1000.0,1000.0,1000.0,1000.0,1000.0
266,267,0.004395011928768944,0.39064034084151106,1000.0,-0.21807657441101239,1000.0,1000.0,1000.0,0.3058453263274379,1000.0,0.42264763124225657,1000.0,1000.0,1000.0,1000.0,1000.0,1000.0,1000.0,1000.0,1000.0,1000.0,1000.0
267,268,-0.0029079899224719987,0.39219595125684065,1000.0,-0.24602923771572013,1000.0,1000.0,1000.0,0.3038426967574552,1000.0,0.41215661730544656,1000.0,1000.0,1000.0,1000.0,1000.0,1000.0,1000.0,1000.0,1000.0,1000.0,1000.0
268,269,-0.02848956639430065,0.368540102977778,1000.0,-0.2579216671292952,1000.0,1000.0,1000.0,0.310424305266073,1000.0,0.41269941955893863,1000.0,1000.0,1000.0,1000.0,1000.0,1000.0,1000.0,1000.0,1000.0,1000.0,1000.0
269,270,-0.036853711538941084,0.3548125134913176,1000.0,-0.26251377938901505,1000.0,1000.0,1000.0,0.3081651532502319,1000.0,0.4135326900097974,1000.0,1000.0,1000.0,1000.0,1000.0,1000.0,1000.0,1000.0,1000.0,1000.0,1000.0
270,271,-0.05000438855135732,0.35066525894092604,1000.0,-0.29684750475581845,1000.0,1000.0,1000.0,0.3069745201683939,1000.0,0.41931764576315106,1000.0,1000.0,1000.0,1000.0,1000.0,1000.0,1000.0,1000.0,1000.0,1000.0,1000.0
271,272,-0.04835716654316846,0.33635301346361857,1000.0,-0.3007111081264036,1000.0,1000.0,1000.0,0.29915793516590333,1000.0,0.4074843990221301,1000.0,1000.0,1000.0,-0.3007111081264036,1000.0,1000.0,1000.0,1000.0,1000.0,1000.0,1000.0
272,273,-0.0533120490853501,0.32374059210700906,1000.0,1000.0,1000.0,1000.0,1000.0,0.2692627756819154,1000.0,0.4011569151820402,1000.0,1000.0,1000.0,1000.0,1000.0,1000.0,1000.0,1000.0,1000.0,1000.0,1000.0
273,274,-0.06678338494218594,0.3260551073928751,1000.0,1000.0,1000.0,1000.0,1000.0,0.24704950102563275,1000.0,0.39998294154377634,1000.0,1000.0,1000.0,1000.0,1000.0,1000.0,1000.0,1000.0,1000.0,1000.0,1000.0
274,275,-0.0905397789882939,0.331391475571802,1000.0,1000.0,1000.0,1000.0,1000.0,0.24815340472222025,1000.0,0.3851416484326252,1000.0,1000.0,1000.0,1000.0,1000.0,1000.0,1000.0,1000.0,1000.0,1000.0,1000.0
275,276,-0.09855078513977329,0.3204107898379815,1000.0,1000.0,1000.0,1000.0,1000.0,0.24695428519714566,1000.0,0.3946142542418045,1000.0,1000.0,1000.0,1000.0,1000.0,1000.0,1000.0,1000.0,1000.0,1000.0,1000.0
276,277,-0.09998232002836786,0.33866971088013,1000.0,1000.0,1000.0,1000.0,1000.0,0.255207013964544,1000.0,0.40286998688125275,1000.0,1000.0,1000.0,1000.0,1000.0,1000.0,1000.0,1000.0,1000.0,1000.0,1000.0
277,278,-0.12643217247324748,0.33653352215711074,1000.0,1000.0,1000.0,1000.0,1000.0,0.28683211082862464,1000.0,0.41726214308387155,1000.0,1000.0,1000.0,1000.0,1000.0,1000.0,1000.0,1000.0,1000.0,1000.0,1000.0
278,279,-0.14353268038894446,0.3215709474682401,1000.0,1000.0,1000.0,1000.0,1000.0,0.2851529909402823,1000.0,0.41859913604124477,-0.14353268038894446,1000.0,1000.0,1000.0,1000.0,1000.0,1000.0,1000.0,1000.0,1000.0,1000.0
279,280,1000.0,0.31100939574748276,1000.0,1000.0,1000.0,1000.0,1000.0,0.2784923838412733,1000.0,0.4200371954041948,1000.0,1000.0,1000.0,1000.0,1000.0,1000.0,1000.0,1000.0,1000.0,1000.0,1000.0
280,281,1000.0,0.3085681974971818,1000.0,1000.0,1000.0,1000.0,1000.0,0.27358467225030775,1000.0,0.40606873995467085,1000.0,1000.0,1000.0,1000.0,1000.0,1000.0,1000.0,1000.0,1000.0,1000.0,1000.0
281,282,1000.0,0.2702709162041953,1000.0,1000.0,1000.0,1000.0,1000.0,0.2574845891499878,1000.0,0.3910500640855289,1000.0,1000.0,1000.0,1000.0,1000.0,1000.0,1000.0,1000.0,1000.0,1000.0,1000.0
282,283,1000.0,0.2637646111198075,1000.0,1000.0,1000.0,1000.0,1000.0,0.2295514242055932,1000.0,0.3793881190560611,1000.0,1000.0,1000.0,1000.0,1000.0,1000.0,1000.0,1000.0,1000.0,1000.0,1000.0
283,284,1000.0,0.26240838733480637,1000.0,1000.0,1000.0,1000.0,1000.0,0.20911526539907324,1000.0,0.3495243842672692,1000.0,1000.0,1000.0,1000.0,1000.0,1000.0,1000.0,1000.0,1000.0,1000.0,1000.0
284,285,1000.0,0.2619766424398883,1000.0,1000.0,1000.0,1000.0,1000.0,0.20495438138862002,1000.0,0.35673078523324325,1000.0,1000.0,1000.0,1000.0,1000.0,1000.0,1000.0,1000.0,1000.0,1000.0,1000.0
285,286,1000.0,0.2580163169099122,1000.0,1000.0,1000.0,1000.0,1000.0,0.1861609248870834,1000.0,0.36340784445296154,1000.0,1000.0,1000.0,1000.0,1000.0,1000.0,1000.0,1000.0,1000.0,1000.0,1000.0
286,287,1000.0,0.26144981600425593,1000.0,1000.0,1000.0,1000.0,1000.0,0.18141949190013204,1000.0,0.3521661093939251,1000.0,1000.0,1000.0,1000.0,1000.0,1000.0,1000.0,1000.0,1000.0,1000.0,1000.0
287,288,1000.0,0.25864136952317995,1000.0,1000.0,1000.0,1000.0,1000.0,0.18127272716391207,1000.0,0.34769266110709907,1000.0,1000.0,1000.0,1000.0,1000.0,1000.0,1000.0,1000.0,1000.0,1000.0,1000.0
288,289,1000.0,0.24845329422086676,1000.0,1000.0,1000.0,1000.0,1000.0,0.19601421543799483,1000.0,0.3599054892953132,1000.0,1000.0,1000.0,1000.0,1000.0,1000.0,1000.0,1000.0,1000.0,1000.0,1000.0
289,290,1000.0,0.2374126456308841,1000.0,1000.0,1000.0,1000.0,1000.0,0.1961064891605429,1000.0,0.3320211423612965,1000.0,1000.0,1000.0,1000.0,1000.0,1000.0,1000.0,1000.0,1000.0,1000.0,1000.0
290,291,1000.0,0.23035745005286565,1000.0,1000.0,1000.0,1000.0,1000.0,0.2024016939338434,1000.0,0.3171446173548892,1000.0,1000.0,1000.0,1000.0,1000.0,1000.0,1000.0,1000.0,1000.0,1000.0,1000.0
291,292,1000.0,0.24187039681787353,1000.0,1000.0,1000.0,1000.0,1000.0,0.19541879670363582,1000.0,0.32114531464373985,1000.0,1000.0,1000.0,1000.0,1000.0,1000.0,1000.0,1000.0,1000.0,1000.0,1000.0
292,293,1000.0,0.22867192876264725,1000.0,1000.0,1000.0,1000.0,1000.0,0.19041976978317637,1000.0,0.3273242201914675,1000.0,1000.0,1000.0,1000.0,1000.0,1000.0,1000.0,1000.0,1000.0,1000.0,1000.0
293,294,1000.0,0.22247384662837452,1000.0,1000.0,1000.0,1000.0,1000.0,0.181606716785124,1000.0,0.31814693113111414,1000.0,1000.0,1000.0,1000.0,1000.0,1000.0,1000.0,1000.0,1000.0,1000.0,1000.0
294,295,1000.0,0.22678353904520532,1000.0,1000.0,1000.0,1000.0,1000.0,0.16025474440187396,1000.0,0.3205945246166316,1000.0,1000.0,1000.0,1000.0,1000.0,1000.0,1000.0,1000.0,1000.0,1000.0,1000.0
295,296,1000.0,0.219433780204542,1000.0,1000.0,1000.0,1000.0,1000.0,0.15937026859211148,1000.0,0.3194453492942851,1000.0,1000.0,1000.0,1000.0,1000.0,1000.0,1000.0,1000.0,1000.0,1000.0,1000.0
296,297,1000.0,0.19768699886450433,1000.0,1000.0,1000.0,1000.0,1000.0,0.16108869722923524,1000.0,0.33236763558988497,1000.0,1000.0,1000.0,1000.0,1000.0,1000.0,1000.0,1000.0,1000.0,1000.0,1000.0
297,298,1000.0,0.21003931331608108,1000.0,1000.0,1000.0,1000.0,1000.0,0.15125804010765811,1000.0,0.3220783594354558,1000.0,1000.0,1000.0,1000.0,1000.0,1000.0,1000.0,1000.0,1000.0,1000.0,1000.0
298,299,1000.0,0.20338865620838337,1000.0,1000.0,1000.0,1000.0,1000.0,0.1445723154225139,1000.0,0.3227705383221108,1000.0,1000.0,1000.0,1000.0,1000.0,1000.0,1000.0,1000.0,1000.0,1000.0,1000.0
299,300,1000.0,0.18295281518156126,1000.0,1000.0,1000.0,1000.0,1000.0,0.15341435589687408,1000.0,0.3257182193822314,1000.0,1000.0,1000.0,1000.0,1000.0,1000.0,1000.0,1000.0,1000.0,1000.0,1000.0
300,301,1000.0,0.18771752278313875,1000.0,1000.0,1000.0,1000.0,1000.0,0.14550597101291432,1000.0,0.3362853671608279,1000.0,1000.0,1000.0,1000.0,1000.0,1000.0,1000.0,1000.0,1000.0,1000.0,1000.0
301,302,1000.0,0.19879288718926683,1000.0,1000.0,1000.0,1000.0,1000.0,0.12913026937723424,1000.0,0.3139108412286971,1000.0,1000.0,1000.0,1000.0,1000.0,1000.0,1000.0,1000.0,1000.0,1000.0,1000.0
302,303,1000.0,0.18930283994809188,1000.0,1000.0,1000.0,1000.0,1000.0,0.1068420801292043,1000.0,0.3276406061322865,1000.0,1000.0,1000.0,1000.0,1000.0,1000.0,1000.0,1000.0,1000.0,1000.0,1000.0
303,304,1000.0,0.1912711002887138,1000.0,1000.0,1000.0,1000.0,1000.0,0.1055936876685275,1000.0,0.32957366404436134,1000.0,1000.0,1000.0,1000.0,1000.0,1000.0,1000.0,1000.0,1000.0,1000.0,1000.0
304,305,1000.0,0.1948413405345379,1000.0,1000.0,1000.0,1000.0,1000.0,0.08790557376271249,1000.0,0.31966010444281867,1000.0,1000.0,1000.0,1000.0,1000.0,1000.0,1000.0,1000.0,1000.0,1000.0,1000.0
305,306,1000.0,0.16996712675071718,1000.0,1000.0,1000.0,1000.0,1000.0,0.07650081834400717,1000.0,0.30585638493633616,1000.0,1000.0,1000.0,1000.0,1000.0,1000.0,1000.0,1000.0,1000.0,1000.0,1000.0
306,307,1000.0,0.16276022166214452,1000.0,1000.0,1000.0,1000.0,1000.0,0.06308998413460672,1000.0,0.3119554504741803,1000.0,1000.0,1000.0,1000.0,1000.0,1000.0,1000.0,1000.0,1000.0,1000.0,1000.0
307,308,1000.0,0.14659290512126452,1000.0,1000.0,1000.0,1000.0,1000.0,0.06990649159371319,1000.0,0.2693281108009179,1000.0,1000.0,1000.0,1000.0,1000.0,1000.0,1000.0,1000.0,1000.0,1000.0,1000.0
308,309,1000.0,0.14589143754404582,1000.0,1000.0,1000.0,1000.0,1000.0,0.05601863186273702,1000.0,0.2556416550121156,1000.0,1000.0,1000.0,1000.0,1000.0,1000.0,1000.0,1000.0,1000.0,1000.0,1000.0
309,310,1000.0,0.12815798149236,1000.0,1000.0,1000.0,1000.0,1000.0,0.05853924702793628,1000.0,0.2569183808332619,1000.0,1000.0,1000.0,1000.0,1000.0,1000.0,1000.0,1000.0,1000.0,1000.0,1000.0
310,311,1000.0,0.13587746657446537,1000.0,1000.0,1000.0,1000.0,1000.0,0.07554729816004663,1000.0,0.2332809497933584,1000.0,1000.0,1000.0,1000.0,1000.0,1000.0,1000.0,1000.0,1000.0,1000.0,1000.0
311,312,1000.0,0.13003486436526965,1000.0,1000.0,1000.0,1000.0,1000.0,0.0624206553698185,1000.0,0.22405997268188846,1000.0,1000.0,1000.0,1000.0,1000.0,1000.0,1000.0,1000.0,1000.0,1000.0,1000.0
312,313,1000.0,0.11423006814953438,1000.0,1000.0,1000.0,1000.0,1000.0,0.06565167169660399,1000.0,0.25196508484922475,1000.0,1000.0,1000.0,1000.0,1000.0,1000.0,1000.0,1000.0,1000.0,1000.0,1000.0
313,314,1000.0,0.10723614482837955,1000.0,1000.0,1000.0,1000.0,1000.0,0.051553963276503204,1000.0,0.25587429567921915,1000.0,1000.0,1000.0,1000.0,1000.0,1000.0,1000.0,1000.0,1000.0,1000.0,1000.0
314,315,1000.0,0.1203677103012331,1000.0,1000.0,1000.0,1000.0,1000.0,0.02660584092926589,1000.0,0.2538845743049837,1000.0,1000.0,1000.0,1000.0,1000.0,1000.0,1000.0,1000.0,1000.0,1000.0,1000.0
315,316,1000.0,0.10936016175446199,1000.0,1000.0,1000.0,1000.0,1000.0,-0.02000719319556541,1000.0,0.26534868725599103,1000.0,1000.0,1000.0,1000.0,1000.0,1000.0,1000.0,1000.0,1000.0,1000.0,1000.0
316,317,1000.0,0.10578862112898504,1000.0,1000.0,1000.0,1000.0,1000.0,-0.03197501952417257,1000.0,0.2548620315354936,1000.0,1000.0,1000.0,1000.0,1000.0,1000.0,1000.0,1000.0,1000.0,1000.0,1000.0
317,318,1000.0,0.12111372276784076,1000.0,1000.0,1000.0,1000.0,1000.0,-0.04598140581429959,1000.0,0.2389911356652949,1000.0,1000.0,1000.0,1000.0,1000.0,1000.0,1000.0,1000.0,1000.0,1000.0,1000.0
318,319,1000.0,0.10907915241642,1000.0,1000.0,1000.0,1000.0,1000.0,-0.044080362149584815,1000.0,0.22834894847817874,1000.0,1000.0,1000.0,1000.0,1000.0,1000.0,1000.0,1000.0,1000.0,1000.0,1000.0
319,320,1000.0,0.09769061615572484,1000.0,1000.0,1000.0,1000.0,1000.0,-0.048538298064453755,1000.0,0.2146703983170683,1000.0,1000.0,1000.0,1000.0,1000.0,1000.0,1000.0,1000.0,1000.0,1000.0,1000.0
320,321,1000.0,0.06902917640723306,1000.0,1000.0,1000.0,1000.0,1000.0,-0.040082535985648884,1000.0,0.2147068709183654,1000.0,1000.0,1000.0,1000.0,1000.0,1000.0,1000.0,1000.0,1000.0,1000.0,1000.0
321,322,1000.0,0.05359684764032928,1000.0,1000.0,1000.0,1000.0,1000.0,-0.022714327698959404,1000.0,0.21206755519028886,1000.0,1000.0,1000.0,1000.0,1000.0,1000.0,1000.0,1000.0,1000.0,1000.0,1000.0
322,323,1000.0,0.04007562990619747,1000.0,1000.0,1000.0,1000.0,1000.0,-0.02551688943612649,1000.0,0.20401504206932713,1000.0,1000.0,1000.0,1000.0,1000.0,1000.0,1000.0,1000.0,1000.0,1000.0,1000.0
323,324,1000.0,0.01877664404986764,1000.0,1000.0,1000.0,1000.0,1000.0,-0.04340148830021238,1000.0,0.2024687411589075,1000.0,1000.0,1000.0,1000.0,1000.0,1000.0,1000.0,1000.0,1000.0,1000.0,1000.0
324,325,1000.0,0.0024686836343708607,1000.0,1000.0,1000.0,1000.0,1000.0,-0.044168205695624296,1000.0,0.20305347191204834,1000.0,1000.0,1000.0,1000.0,1000.0,1000.0,1000.0,1000.0,1000.0,1000.0,1000.0
325,326,1000.0,0.007433917903766585,1000.0,1000.0,1000.0,1000.0,1000.0,-0.041170469224075947,1000.0,0.1851125280366007,1000.0,1000.0,1000.0,1000.0,1000.0,1000.0,1000.0,1000.0,1000.0,1000.0,1000.0
326,327,1000.0,-0.002519708338735793,1000.0,1000.0,1000.0,1000.0,1000.0,-0.05617553908631743,1000.0,0.18889775729816796,1000.0,1000.0,1000.0,1000.0,1000.0,1000.0,1000.0,1000.0,1000.0,1000.0,1000.0
327,328,1000.0,-0.0159160896009368,1000.0,1000.0,1000.0,1000.0,1000.0,-0.07869072548365277,1000.0,0.17872155935615214,1000.0,1000.0,1000.0,1000.0,1000.0,1000.0,1000.0,1000.0,1000.0,1000.0,1000.0
328,329,1000.0,-0.01931470241107951,1000.0,1000.0,1000.0,1000.0,1000.0,-0.07653308149448654,1000.0,0.16752581888279233,1000.0,1000.0,1000.0,1000.0,1000.0,1000.0,1000.0,1000.0,1000.0,1000.0,1000.0
329,330,1000.0,-0.023680855277313385,1000.0,1000.0,1000.0,1000.0,1000.0,-0.08645099253198305,1000.0,0.1591523633785684,1000.0,1000.0,1000.0,1000.0,1000.0,1000.0,1000.0,1000.0,1000.0,1000.0,1000.0
330,331,1000.0,-0.0262920852923487,1000.0,1000.0,1000.0,1000.0,1000.0,-0.11788050440535325,1000.0,0.16985493501791932,1000.0,1000.0,1000.0,1000.0,1000.0,1000.0,1000.0,1000.0,1000.0,1000.0,1000.0
331,332,1000.0,-0.05079382071454301,1000.0,1000.0,1000.0,1000.0,1000.0,-0.1362315766721433,1000.0,0.16377781294199323,1000.0,-0.05079382071454301,1000.0,1000.0,1000.0,1000.0,1000.0,1000.0,1000.0,1000.0,1000.0
332,333,1000.0,1000.0,1000.0,1000.0,1000.0,1000.0,1000.0,-0.13632410926359254,1000.0,0.17853716123339658,1000.0,1000.0,1000.0,1000.0,1000.0,1000.0,1000.0,1000.0,1000.0,1000.0,1000.0
333,334,1000.0,1000.0,1000.0,1000.0,1000.0,1000.0,1000.0,-0.1581721675017828,1000.0,0.17111422023485373,1000.0,1000.0,1000.0,1000.0,1000.0,1000.0,1000.0,1000.0,1000.0,1000.0,1000.0
334,335,1000.0,1000.0,1000.0,1000.0,1000.0,1000.0,1000.0,-0.1777591852130156,1000.0,0.18292345007479566,1000.0,1000.0,1000.0,1000.0,1000.0,1000.0,1000.0,1000.0,1000.0,1000.0,1000.0
335,336,1000.0,1000.0,1000.0,1000.0,1000.0,1000.0,1000.0,-0.19227274395891578,1000.0,0.15548264708057405,1000.0,1000.0,1000.0,1000.0,1000.0,1000.0,1000.0,1000.0,1000.0,1000.0,1000.0
336,337,1000.0,1000.0,1000.0,1000.0,1000.0,1000.0,1000.0,-0.2102073632835603,1000.0,0.14372153188315534,1000.0,1000.0,1000.0,1000.0,1000.0,1000.0,1000.0,-0.2102073632835603,1000.0,1000.0,1000.0
337,338,1000.0,1000.0,1000.0,1000.0,1000.0,1000.0,1000.0,1000.0,1000.0,0.11520692695394094,1000.0,1000.0,1000.0,1000.0,1000.0,1000.0,1000.0,1000.0,1000.0,1000.0,1000.0
338,339,1000.0,1000.0,1000.0,1000.0,1000.0,1000.0,1000.0,1000.0,1000.0,0.11565110662572567,1000.0,1000.0,1000.0,1000.0,1000.0,1000.0,1000.0,1000.0,1000.0,1000.0,1000.0
339,340,1000.0,1000.0,1000.0,1000.0,1000.0,1000.0,1000.0,1000.0,1000.0,0.09604807132214227,1000.0,1000.0,1000.0,1000.0,1000.0,1000.0,1000.0,1000.0,1000.0,1000.0,1000.0
340,341,1000.0,1000.0,1000.0,1000.0,1000.0,1000.0,1000.0,1000.0,1000.0,0.08601953806589199,1000.0,1000.0,1000.0,1000.0,1000.0,1000.0,1000.0,1000.0,1000.0,1000.0,1000.0
341,342,1000.0,1000.0,1000.0,1000.0,1000.0,1000.0,1000.0,1000.0,1000.0,0.08463872313171224,1000.0,1000.0,1000.0,1000.0,1000.0,1000.0,1000.0,1000.0,1000.0,1000.0,1000.0
342,343,1000.0,1000.0,1000.0,1000.0,1000.0,1000.0,1000.0,1000.0,1000.0,0.08791918194109029,1000.0,1000.0,1000.0,1000.0,1000.0,1000.0,1000.0,1000.0,1000.0,1000.0,1000.0
343,344,1000.0,1000.0,1000.0,1000.0,1000.0,1000.0,1000.0,1000.0,1000.0,0.08378519687411687,1000.0,1000.0,1000.0,1000.0,1000.0,1000.0,1000.0,1000.0,1000.0,1000.0,1000.0
344,345,1000.0,1000.0,1000.0,1000.0,1000.0,1000.0,1000.0,1000.0,1000.0,0.0848677787749649,1000.0,1000.0,1000.0,1000.0,1000.0,1000.0,1000.0,1000.0,1000.0,1000.0,1000.0
345,346,1000.0,1000.0,1000.0,1000.0,1000.0,1000.0,1000.0,1000.0,1000.0,0.09275486167378827,1000.0,1000.0,1000.0,1000.0,1000.0,1000.0,1000.0,1000.0,1000.0,1000.0,1000.0
346,347,1000.0,1000.0,1000.0,1000.0,1000.0,1000.0,1000.0,1000.0,1000.0,0.07963246425713465,1000.0,1000.0,1000.0,1000.0,1000.0,1000.0,1000.0,1000.0,1000.0,1000.0,1000.0
347,348,1000.0,1000.0,1000.0,1000.0,1000.0,1000.0,1000.0,1000.0,1000.0,0.08464139877998286,1000.0,1000.0,1000.0,1000.0,1000.0,1000.0,1000.0,1000.0,1000.0,1000.0,1000.0
348,349,1000.0,1000.0,1000.0,1000.0,1000.0,1000.0,1000.0,1000.0,1000.0,0.08679833037524413,1000.0,1000.0,1000.0,1000.0,1000.0,1000.0,1000.0,1000.0,1000.0,1000.0,1000.0
349,350,1000.0,1000.0,1000.0,1000.0,1000.0,1000.0,1000.0,1000.0,1000.0,0.060827004453231893,1000.0,1000.0,1000.0,1000.0,1000.0,1000.0,1000.0,1000.0,1000.0,1000.0,1000.0
350,351,1000.0,1000.0,1000.0,1000.0,1000.0,1000.0,1000.0,1000.0,1000.0,0.06087223114287391,1000.0,1000.0,1000.0,1000.0,1000.0,1000.0,1000.0,1000.0,1000.0,1000.0,1000.0
351,352,1000.0,1000.0,1000.0,1000.0,1000.0,1000.0,1000.0,1000.0,1000.0,0.0596980118720614,1000.0,1000.0,1000.0,1000.0,1000.0,1000.0,1000.0,1000.0,1000.0,1000.0,1000.0
352,353,1000.0,1000.0,1000.0,1000.0,1000.0,1000.0,1000.0,1000.0,1000.0,0.02964310899523407,1000.0,1000.0,1000.0,1000.0,1000.0,1000.0,1000.0,1000.0,1000.0,1000.0,1000.0
353,354,1000.0,1000.0,1000.0,1000.0,1000.0,1000.0,1000.0,1000.0,1000.0,0.013368631337937554,1000.0,1000.0,1000.0,1000.0,1000.0,1000.0,1000.0,1000.0,1000.0,1000.0,1000.0
354,355,1000.0,1000.0,1000.0,1000.0,1000.0,1000.0,1000.0,1000.0,1000.0,0.022200705704522716,1000.0,1000.0,1000.0,1000.0,1000.0,1000.0,1000.0,1000.0,1000.0,1000.0,1000.0
355,356,1000.0,1000.0,1000.0,1000.0,1000.0,1000.0,1000.0,1000.0,1000.0,0.004242606421348538,1000.0,1000.0,1000.0,1000.0,1000.0,1000.0,1000.0,1000.0,1000.0,1000.0,1000.0
356,357,1000.0,1000.0,1000.0,1000.0,1000.0,1000.0,1000.0,1000.0,1000.0,0.010361241628612228,1000.0,1000.0,1000.0,1000.0,1000.0,1000.0,1000.0,1000.0,1000.0,1000.0,1000.0
357,358,1000.0,1000.0,1000.0,1000.0,1000.0,1000.0,1000.0,1000.0,1000.0,0.022134087087935052,1000.0,1000.0,1000.0,1000.0,1000.0,1000.0,1000.0,1000.0,1000.0,0.022134087087935052,1000.0
358,359,1000.0,1000.0,1000.0,1000.0,1000.0,1000.0,1000.0,1000.0,1000.0,1000.0,1000.0,1000.0,1000.0,1000.0,1000.0,1000.0,1000.0,1000.0,1000.0,1000.0,1000.0
359,360,1000.0,1000.0,1000.0,1000.0,1000.0,1000.0,1000.0,1000.0,1000.0,1000.0,1000.0,1000.0,1000.0,1000.0,1000.0,1000.0,1000.0,1000.0,1000.0,1000.0,1000.0
